cgpa,aptitude_score,communication_skills,num_projects,internships,technical_skills,certifications,dsa_level,attendance,placement_score,placed
8.0,69,4,7,3,1,5,10,91.3,66.02,1
7.36,70,7,3,3,6,1,3,60.0,48.0,0
8.15,77,8,8,0,8,1,5,74.1,54.1,1
9.02,50,9,6,4,8,7,10,94.0,99.3,1
7.27,74,6,1,1,13,4,5,89.7,43.06,0
7.27,47,6,3,0,13,6,9,82.4,61.9,1
9.08,42,8,4,1,8,6,10,59.9,61.82,1
8.27,53,5,2,0,11,7,4,77.4,36.03,0
7.03,99,3,8,4,6,6,1,70.9,58.7,1
8.04,52,3,4,0,11,5,10,82.0,53.13,0
7.04,84,6,1,1,3,4,5,68.3,33.38,0
7.03,71,2,10,3,1,7,1,65.7,35.25,0
7.74,73,6,2,1,2,0,6,53.2,36.58,0
5.59,84,6,8,2,5,3,10,92.7,66.02,1
5.78,100,8,6,2,13,3,10,73.2,73.23,1
6.94,58,7,1,2,10,7,7,79.9,55.29,1
6.49,98,8,8,2,5,7,1,78.0,60.38,1
7.81,77,9,3,4,10,0,10,65.2,71.7,1
6.59,55,6,8,3,14,6,4,62.9,50.64,0
6.09,41,3,1,3,1,3,9,65.9,22.98,0
8.97,79,10,9,1,1,5,1,69.3,59.89,1
7.27,56,3,3,0,15,7,9,82.4,53.19,0
7.57,94,1,4,1,9,4,8,68.5,57.38,1
6.08,73,5,1,1,2,3,5,99.0,36.83,0
6.96,81,4,9,1,7,5,6,90.3,61.48,1
7.61,99,9,0,1,10,4,7,87.7,61.22,1
6.35,55,9,6,3,4,7,4,76.6,46.04,0
7.88,77,5,9,0,7,5,6,96.2,63.54,1
6.9,99,10,0,1,8,0,7,75.4,55.04,1
7.21,41,4,10,3,5,7,6,77.6,44.04,0
6.9,41,7,10,1,13,1,6,80.0,49.2,0
9.35,65,6,7,2,12,0,2,86.4,56.2,1
7.49,52,4,2,1,12,3,5,85.6,43.11,0
6.44,95,10,9,1,1,4,3,72.3,48.94,0
8.32,86,2,5,4,4,5,7,71.6,63.52,1
6.28,70,1,6,2,10,3,4,85.7,39.17,0
7.71,99,4,9,0,3,3,1,86.6,44.7,0
5.54,73,4,0,1,10,7,6,73.3,33.04,0
6.17,78,1,5,0,15,1,6,59.0,31.43,0
7.7,42,6,6,2,12,6,7,75.5,55.1,1
8.24,47,4,5,1,5,3,8,85.5,52.13,0
7.67,62,1,3,4,10,1,3,99.7,48.92,0
7.38,53,1,0,3,13,4,6,63.6,37.24,0
7.2,95,1,10,4,10,4,10,72.9,84.96,1
6.02,94,8,8,4,13,5,2,73.3,64.87,1
6.78,66,10,3,3,6,6,9,94.3,77.87,1
7.04,93,8,6,3,2,1,2,77.6,46.78,0
8.56,68,2,6,3,7,0,3,67.1,34.31,0
7.84,78,7,1,1,13,4,10,84.7,68.25,1
5.74,92,8,0,0,3,7,2,73.1,33.53,0
7.82,78,8,7,0,15,6,9,63.3,73.59,1
7.11,40,10,7,3,1,5,1,67.3,42.11,0
6.82,56,7,6,4,10,0,5,98.8,57.28,1
8.11,80,5,7,2,3,4,1,82.6,47.05,0
8.53,69,1,2,3,9,4,5,79.3,49.45,0
8.43,92,9,10,4,10,5,8,75.0,98.92,1
6.66,52,7,1,4,11,5,8,81.5,60.47,1
7.19,60,2,6,1,11,2,8,81.4,52.07,0
7.83,58,6,7,1,15,7,2,81.5,57.43,1
8.48,92,2,0,0,6,3,8,79.4,44.06,0
7.02,58,1,9,0,11,3,5,88.4,35.97,0
7.31,96,7,8,2,6,0,1,78.3,48.75,0
6.39,64,2,10,2,4,3,7,66.3,26.03,0
6.3,61,2,3,2,15,0,6,70.7,34.39,0
8.31,70,5,3,2,8,6,5,54.3,53.71,0
8.86,56,5,2,4,5,4,1,100.0,55.39,1
7.43,94,7,5,4,7,2,1,88.4,56.73,1
8.5,62,1,0,0,9,2,6,68.0,35.82,0
7.86,71,8,5,1,13,7,10,74.6,62.34,1
6.85,49,3,1,1,13,7,7,70.4,43.0,0
7.86,49,4,8,3,14,4,10,96.5,64.65,1
9.04,75,9,1,4,5,5,10,61.0,69.65,1
7.46,47,4,6,2,11,7,1,79.4,45.77,0
9.06,93,10,0,2,14,7,9,76.7,92.71,1
4.88,91,5,6,3,5,1,4,87.9,43.26,0
8.32,59,7,4,1,14,1,5,76.8,54.97,1
7.59,71,4,7,2,4,3,2,56.9,41.59,0
7.2,89,1,3,1,6,5,10,75.0,46.81,0
7.59,53,9,9,3,2,0,8,66.3,57.25,1
5.51,89,4,6,1,3,6,2,79.0,37.91,0
7.28,67,9,5,1,1,2,3,95.2,35.97,0
7.86,85,6,4,1,2,3,9,57.1,57.26,1
8.98,91,1,3,2,2,7,2,68.4,44.87,0
6.98,92,3,6,0,8,4,6,71.4,52.36,0
6.69,63,2,4,4,8,5,4,73.4,51.87,0
7.0,54,9,4,1,2,7,7,86.9,42.99,0
8.42,61,1,0,1,13,2,6,75.9,37.65,0
7.83,69,9,1,1,14,0,10,83.0,57.37,1
6.97,43,9,4,0,6,0,9,70.5,31.82,0
8.01,52,8,2,3,15,1,9,80.8,60.34,1
7.6,98,8,1,2,5,3,10,87.3,80.6,1
8.47,62,1,3,0,3,7,4,69.2,39.77,0
6.8,47,8,3,1,5,4,1,87.4,45.21,0
7.17,57,10,3,0,5,2,2,78.6,41.06,0
7.11,51,3,3,0,5,7,8,90.5,37.88,0
6.04,94,7,2,0,3,6,10,75.6,48.01,0
7.8,70,1,6,3,15,0,8,82.6,63.56,1
7.76,53,1,8,4,3,7,2,77.5,51.82,0
7.51,73,10,4,2,4,2,4,76.8,49.34,0
7.27,57,5,3,3,7,4,1,81.1,31.96,0
6.08,95,5,10,3,12,2,7,84.4,87.67,1
7.08,73,8,1,4,12,3,4,63.0,54.97,1
7.16,50,7,1,3,12,1,8,95.2,53.33,0
6.7,80,8,4,0,14,2,9,55.7,56.2,1
7.34,51,6,6,0,2,5,9,69.8,46.1,0
7.9,88,6,9,1,10,7,3,76.9,66.59,1
9.39,54,2,9,3,4,1,5,82.9,65.14,1
7.67,96,6,8,1,4,4,6,96.9,63.02,1
7.76,70,5,6,2,1,1,6,55.7,37.96,0
7.43,88,3,4,0,10,2,10,71.9,51.85,0
5.58,97,6,9,2,8,2,8,52.5,53.89,0
7.47,68,8,9,4,1,5,6,78.4,77.0,1
7.56,65,9,9,0,8,0,6,81.3,62.9,1
9.96,57,1,5,2,7,7,4,97.1,61.08,1
7.31,71,3,10,4,9,5,7,79.4,62.48,1
7.8,61,3,2,2,8,2,8,90.5,42.01,0
7.47,77,8,4,4,5,6,3,85.0,62.44,1
6.33,56,1,7,4,8,1,7,72.8,47.93,0
8.64,62,5,0,0,14,5,3,61.1,41.18,0
8.25,63,3,0,1,15,5,8,81.3,51.96,0
8.29,89,2,6,4,11,7,1,60.1,57.91,1
6.59,47,8,4,4,10,6,1,93.5,52.45,0
8.9,80,3,4,0,12,6,6,76.1,44.75,0
6.1,45,7,0,1,15,6,10,92.3,46.49,0
8.09,44,1,8,3,12,7,9,72.2,63.04,1
9.69,83,6,0,3,3,0,4,81.2,61.0,1
6.51,96,3,4,1,15,2,6,80.5,45.78,0
6.93,68,8,9,2,10,2,5,77.5,61.42,1
7.6,67,6,8,0,7,4,1,72.8,44.59,0
7.0,50,2,3,1,12,7,6,82.7,52.26,0
5.95,96,6,7,3,4,0,9,66.9,63.84,1
7.57,40,7,5,4,5,4,3,63.5,48.73,0
6.44,82,5,10,3,9,4,3,92.9,57.47,1
7.97,58,3,2,4,7,4,2,86.7,42.09,0
6.58,48,4,3,0,4,7,4,78.8,28.78,0
9.05,66,4,1,4,6,3,10,98.0,66.35,1
6.72,73,6,0,1,10,4,3,74.8,40.74,0
7.18,83,10,7,4,14,5,2,93.9,78.74,1
8.31,43,1,0,2,11,1,1,80.1,31.09,0
6.27,75,4,10,1,7,5,3,65.7,52.8,0
7.73,57,10,0,0,13,5,10,100.0,75.49,1
8.81,54,4,3,1,10,2,6,89.9,51.74,0
5.89,90,10,9,2,13,3,9,76.5,81.51,1
7.68,52,1,9,0,9,7,5,86.7,46.63,0
7.76,58,9,5,3,4,4,3,73.2,61.6,1
8.28,88,4,8,2,10,2,5,87.9,71.05,1
6.26,45,7,0,0,3,0,5,49.3,22.04,0
6.18,87,3,6,4,8,0,5,65.8,48.14,0
8.02,95,10,9,1,15,7,7,89.8,85.23,1
7.8,51,3,10,0,1,2,5,75.0,30.37,0
7.75,90,8,4,1,9,1,7,80.5,60.04,1
7.85,76,8,7,4,13,7,9,61.8,95.6,1
6.82,56,1,6,0,1,2,5,100.0,25.93,0
7.73,97,10,3,3,2,2,2,92.3,62.08,1
7.79,62,2,3,2,13,3,5,75.6,52.37,0
6.79,65,8,5,0,8,7,8,73.1,54.47,1
9.37,68,1,5,4,9,0,4,90.4,65.66,1
7.97,72,8,8,0,7,0,2,100.0,32.4,0
6.31,99,8,4,1,3,4,10,89.4,52.96,0
8.16,66,2,7,0,7,5,3,100.0,40.71,0
6.53,64,4,4,3,6,7,9,66.9,50.7,0
8.29,95,6,1,0,2,2,9,68.2,52.05,0
8.66,94,9,5,2,3,7,8,63.7,77.49,1
6.68,49,8,8,0,11,2,8,83.3,56.26,1
8.46,86,8,2,1,13,1,8,80.1,69.19,1
7.91,62,7,0,0,12,7,8,76.2,50.18,0
8.32,60,9,0,3,13,6,8,87.7,65.34,1
9.4,60,2,2,4,10,6,1,92.8,59.16,1
7.25,82,3,9,0,10,0,6,59.7,42.4,0
6.75,52,10,4,0,13,1,9,70.8,43.5,0
6.61,76,8,2,2,12,3,8,87.8,65.51,1
6.68,72,6,8,3,15,4,3,72.4,69.15,1
7.42,63,10,7,4,5,1,1,68.4,63.64,1
7.84,83,9,2,1,10,0,2,90.2,49.81,0
7.78,50,10,8,0,4,3,2,62.5,47.99,0
8.33,56,4,5,4,2,2,7,74.4,63.46,1
7.51,43,8,6,1,4,3,6,81.9,44.55,0
8.95,86,10,3,3,12,5,2,71.1,78.65,1
7.24,64,3,3,3,8,7,8,87.4,60.22,1
10.0,69,3,1,4,5,1,9,71.2,69.38,1
8.13,48,8,4,1,5,0,7,94.9,51.2,0
6.64,60,5,7,3,13,1,4,76.5,58.91,1
6.43,59,3,6,4,12,2,1,86.1,45.2,0
7.98,58,10,6,3,12,6,4,87.0,63.84,1
7.28,58,1,5,3,10,2,4,70.5,50.52,0
8.21,51,3,2,3,3,0,8,53.4,35.18,0
7.97,76,9,4,2,13,5,4,82.3,74.61,1
7.43,81,5,0,1,8,4,4,78.9,41.44,0
6.65,56,10,6,4,6,7,2,84.7,67.35,1
5.99,76,2,8,4,2,7,10,75.3,67.85,1
7.05,93,7,0,1,2,3,7,72.8,47.1,0
8.36,87,2,1,1,9,3,4,100.0,49.87,0
7.71,78,4,2,1,13,2,6,60.3,50.03,0
6.25,67,7,2,1,7,1,3,86.8,21.13,0
7.67,80,4,7,0,10,6,7,71.1,59.14,1
7.89,74,7,6,4,9,1,6,74.0,59.84,1
6.62,86,7,5,0,14,5,3,74.2,51.87,0
7.65,87,1,9,3,6,4,4,68.4,48.58,0
7.56,57,6,9,3,15,7,10,84.9,76.45,1
6.36,53,9,10,4,5,1,5,94.7,70.27,1
7.86,74,2,3,3,12,7,9,83.6,73.83,1
8.06,83,3,8,1,1,3,6,79.2,51.32,0
8.58,80,10,0,0,12,7,4,66.2,60.7,1
8.55,99,5,10,1,6,6,7,84.2,74.03,1
6.12,46,9,1,3,6,7,2,100.0,47.42,0
6.56,80,4,3,0,3,1,4,73.4,23.13,0
8.02,52,1,2,1,3,6,5,73.5,40.47,0
8.01,57,4,0,4,15,7,4,71.3,56.45,1
8.02,76,6,4,1,3,4,4,72.1,44.38,0
10.0,52,5,6,3,3,3,9,45.1,65.98,1
8.07,75,1,1,0,7,7,2,82.9,31.41,0
8.64,70,4,4,4,10,6,6,67.9,70.24,1
8.45,41,6,5,0,11,1,8,58.7,45.69,0
8.15,55,10,10,4,2,3,8,87.0,80.49,1
7.18,48,10,6,0,10,2,7,65.0,58.86,1
8.26,48,4,0,3,13,2,10,73.9,53.09,0
6.73,77,9,6,4,10,5,4,95.6,68.91,1
7.26,50,5,3,2,2,2,7,61.1,40.81,0
7.01,93,8,7,0,3,1,10,59.6,53.47,0
7.58,95,9,3,0,10,4,6,81.2,63.12,1
9.81,61,10,5,1,12,3,6,91.8,78.61,1
5.63,72,5,8,4,7,6,2,59.1,55.17,1
8.19,75,6,4,2,3,0,8,82.9,51.22,0
5.89,84,1,3,3,7,2,8,85.0,38.19,0
7.03,62,7,7,1,9,2,7,53.3,49.25,0
8.59,84,4,8,2,11,0,9,87.6,65.7,1
7.56,84,2,3,4,10,6,8,88.5,70.29,1
6.42,73,5,2,2,12,6,9,74.3,50.08,0
6.78,48,3,7,0,15,0,9,93.0,61.73,1
8.18,63,6,4,0,11,6,6,91.6,65.64,1
6.77,47,8,1,1,4,1,2,79.2,26.32,0
7.72,46,7,9,4,7,6,7,72.6,76.42,1
7.55,75,3,8,4,9,3,3,66.3,46.94,0
6.85,57,8,2,2,14,6,7,77.5,74.63,1
9.64,42,2,1,1,8,7,9,84.8,53.06,0
8.13,67,10,0,4,8,7,10,74.1,76.81,1
5.47,45,9,7,0,9,2,10,51.6,33.58,0
7.69,83,4,10,2,14,4,2,93.2,67.54,1
6.84,83,1,2,3,5,1,6,80.3,32.84,0
8.35,60,8,6,0,14,1,6,73.4,58.88,1
6.71,67,7,0,1,5,6,9,88.3,46.53,0
7.39,79,5,0,4,3,4,9,96.3,52.97,0
8.0,93,10,8,0,5,4,5,44.4,55.89,1
8.37,93,5,7,3,8,5,5,83.2,73.06,1
6.3,40,7,2,3,12,4,9,60.9,44.04,0
7.17,75,5,5,1,5,6,8,84.0,51.39,0
7.03,60,8,10,0,4,6,7,79.5,62.19,1
6.85,99,6,2,2,8,0,8,85.6,70.04,1
9.27,82,5,3,0,7,2,6,72.0,55.8,1
7.9,74,9,0,3,15,7,3,55.5,57.01,1
6.24,52,2,4,1,14,5,7,72.6,39.84,0
8.42,96,1,0,1,14,6,8,82.9,60.29,1
9.62,88,8,0,2,6,0,8,90.2,64.24,1
8.53,93,3,9,1,5,5,1,63.9,57.56,1
5.98,93,7,10,1,14,2,7,90.3,67.44,1
7.02,49,10,10,1,5,5,3,70.2,58.61,1
8.77,92,8,6,1,13,0,2,82.3,60.06,1
6.79,83,6,5,1,10,3,2,71.9,52.13,0
7.94,86,10,1,3,2,7,8,80.2,69.23,1
8.27,92,9,10,0,13,6,9,88.7,81.1,1
6.57,49,7,1,4,15,7,3,63.3,65.36,1
7.44,85,10,10,1,4,2,3,69.8,47.25,0
4.26,52,5,6,4,8,1,6,80.2,33.83,0
6.48,76,8,0,4,8,2,10,100.0,59.56,1
7.25,77,2,1,3,11,2,1,67.6,50.84,0
6.25,63,7,7,1,1,2,6,100.0,54.8,1
9.13,41,4,5,4,2,3,3,100.0,62.05,1
6.07,61,9,1,1,5,6,4,76.8,36.77,0
7.06,56,1,6,2,9,0,9,74.4,59.59,1
7.63,75,7,3,2,10,6,3,69.7,57.17,1
8.94,53,6,1,2,11,1,1,77.2,49.16,0
6.06,49,8,5,4,12,0,3,61.1,46.05,0
8.66,74,5,10,2,13,5,7,77.1,77.78,1
7.51,64,1,8,3,11,5,7,96.0,61.92,1
6.52,42,1,10,3,7,5,5,70.7,44.34,0
7.96,86,9,8,4,10,0,1,75.1,69.66,1
7.7,77,10,7,1,5,4,8,57.6,67.33,1
6.9,56,6,2,0,1,3,10,82.5,39.66,0
7.57,51,10,2,1,15,4,8,81.2,71.84,1
7.11,93,5,1,1,15,6,10,78.8,47.56,0
7.61,91,1,4,1,6,5,10,75.4,58.47,1
8.16,63,6,3,1,12,3,10,74.5,66.41,1
9.09,68,6,6,0,8,0,2,84.0,54.05,1
6.26,82,3,3,2,7,5,10,77.7,52.33,0
9.63,64,8,8,1,2,0,3,81.8,57.05,1
5.55,75,1,1,3,12,3,4,80.6,40.12,0
7.35,97,1,10,4,5,0,1,91.5,60.57,1
8.09,99,6,5,4,14,0,4,86.1,68.57,1
7.78,65,10,6,3,11,1,5,80.3,68.07,1
6.88,77,1,3,1,4,6,3,96.2,45.25,0
7.29,40,6,5,0,9,4,10,83.0,39.1,0
7.01,59,1,6,2,10,7,2,93.7,40.49,0
6.91,94,6,3,4,1,4,6,85.3,66.28,1
8.35,67,3,7,2,12,4,8,55.9,70.05,1
7.86,55,8,8,0,6,2,7,93.7,59.67,1
6.81,86,6,0,4,3,1,1,79.6,34.71,0
8.4,56,1,6,2,11,7,4,77.4,49.03,0
7.81,79,5,8,0,9,5,3,81.4,49.92,0
8.31,67,8,9,2,5,5,6,73.9,78.16,1
8.13,97,3,4,1,13,5,9,80.7,64.3,1
6.67,51,6,1,0,6,4,9,70.9,38.9,0
6.94,66,5,9,2,11,6,7,93.3,62.53,1
8.25,93,6,5,1,9,4,9,76.6,74.37,1
8.11,92,10,6,1,9,7,8,73.4,75.59,1
7.48,81,1,1,0,8,6,5,66.9,35.86,0
7.62,98,7,1,3,9,1,9,81.2,55.67,1
8.78,86,9,9,4,4,6,7,80.2,77.92,1
6.91,69,2,9,0,6,7,5,82.7,46.88,0
8.05,80,10,0,1,5,0,8,65.7,44.12,0
7.3,73,5,3,1,5,4,7,58.8,57.6,1
7.28,76,10,6,0,4,5,9,85.5,51.27,0
8.6,45,4,8,3,2,0,10,95.8,56.73,1
8.33,46,6,2,4,12,4,1,65.7,50.65,0
8.31,71,6,10,2,6,3,9,97.1,72.63,1
8.81,71,2,6,0,9,2,7,81.4,45.79,0
7.52,92,2,6,4,12,4,1,77.9,51.2,0
8.18,64,4,6,4,1,3,1,73.2,40.25,0
7.19,72,1,1,1,14,7,5,61.4,40.68,0
7.82,94,9,5,2,7,1,8,89.9,81.5,1
7.37,97,7,1,0,6,3,9,68.7,52.73,0
7.6,46,7,5,1,3,1,6,68.6,47.89,0
8.1,91,3,9,1,1,4,10,89.9,68.65,1
6.68,96,3,2,3,13,1,8,55.4,59.6,1
9.59,51,1,1,4,4,3,6,59.7,31.81,0
6.49,55,3,5,0,15,6,6,77.8,43.1,0
6.29,55,3,1,0,14,2,4,81.5,35.39,0
8.66,82,4,4,0,9,0,5,83.8,44.52,0
8.29,92,4,1,1,15,0,2,74.4,55.6,1
8.12,75,3,2,3,2,2,3,100.0,52.49,0
8.13,52,10,2,2,3,5,3,75.3,46.71,0
7.49,46,8,5,1,2,0,5,75.2,35.54,0
6.6,75,8,5,2,14,7,5,68.4,56.98,1
7.58,86,1,9,3,2,4,6,79.5,52.89,0
6.82,90,7,2,4,10,5,5,85.4,56.38,1
8.48,48,2,2,0,11,4,6,92.4,45.81,0
7.35,71,1,0,2,11,3,8,60.1,33.76,0
6.67,50,3,6,1,8,7,2,75.0,40.34,0
7.18,47,4,7,2,3,3,4,83.4,44.49,0
7.91,72,6,1,4,7,5,6,85.0,51.71,0
6.94,62,10,3,0,8,5,5,78.1,57.95,1
6.68,64,5,9,2,3,7,1,84.5,49.49,0
7.74,95,4,6,4,2,7,9,68.3,76.74,1
7.74,47,8,7,1,13,5,3,96.7,54.33,1
6.99,84,4,0,3,13,5,2,89.9,52.43,0
7.03,61,10,3,1,8,1,9,61.9,59.44,1
7.73,98,2,5,0,3,6,7,65.1,48.33,0
6.05,43,3,2,1,7,5,5,65.4,38.52,0
6.09,79,6,4,1,12,7,6,86.1,55.27,1
6.78,42,8,9,1,1,6,4,62.6,50.84,0
7.29,68,8,8,1,14,5,1,74.0,58.35,1
7.81,80,9,10,0,15,3,4,83.5,72.34,1
8.98,68,7,2,4,12,4,9,77.2,68.0,1
8.36,73,2,4,2,6,6,1,81.1,47.32,0
7.34,73,8,7,3,12,3,10,65.2,71.06,1
7.48,67,7,5,2,12,0,3,85.1,45.93,0
6.5,52,8,3,2,13,7,5,70.6,64.18,1
7.48,54,3,7,3,9,1,7,74.1,51.62,0
7.21,99,7,10,0,12,1,9,80.9,64.24,1
7.82,62,10,2,3,3,4,6,79.2,56.4,1
6.67,83,9,2,0,14,5,3,78.3,42.0,0
8.02,65,3,3,2,7,3,7,69.0,57.37,1
9.03,43,10,8,0,13,0,4,74.4,54.72,1
7.39,65,6,4,4,6,3,3,78.0,54.72,1
7.9,79,2,7,3,8,7,7,61.5,72.82,1
8.19,48,2,5,4,3,7,7,72.4,53.74,0
7.1,94,5,2,2,3,5,4,82.7,50.27,0
7.72,44,5,7,3,4,5,7,62.7,49.04,0
7.51,95,7,8,2,3,7,2,91.9,77.3,1
7.6,71,2,7,4,9,2,1,93.2,56.52,1
6.73,59,7,3,2,11,7,2,63.1,44.85,0
7.52,89,5,10,3,4,3,4,94.3,59.42,1
8.0,50,6,5,3,6,4,8,76.3,60.12,1
8.95,54,8,0,2,8,3,3,83.0,48.33,0
8.46,71,10,3,3,11,1,10,72.0,87.29,1
9.65,67,4,7,3,13,0,6,89.1,64.14,1
6.73,61,7,0,2,8,6,6,82.9,48.91,0
8.37,80,6,2,4,15,4,9,68.2,76.94,1
7.68,56,10,0,3,5,2,9,64.0,55.6,1
9.69,98,2,8,3,5,0,4,60.5,61.05,1
6.69,65,8,1,3,6,0,9,80.3,50.4,0
6.66,83,10,8,3,10,6,6,84.9,81.33,1
6.9,46,9,3,2,7,1,2,85.8,42.35,0
5.38,81,5,1,4,13,1,10,76.6,57.22,1
6.97,96,10,3,4,13,1,6,64.1,51.0,0
6.74,65,4,10,0,10,4,2,69.8,43.78,0
7.65,64,6,10,3,14,3,8,91.8,67.7,1
7.84,49,8,9,3,7,0,4,72.2,60.38,1
9.38,98,3,5,0,13,3,5,79.7,71.23,1
8.45,84,10,10,4,4,3,8,65.1,79.05,1
6.92,58,1,6,1,6,1,8,82.0,37.37,0
6.6,50,4,2,1,7,3,6,72.5,29.34,0
7.99,52,4,2,4,5,0,4,90.6,51.2,0
6.18,92,1,9,3,5,0,1,87.3,39.12,0
9.33,47,9,7,1,2,5,7,72.1,74.66,1
8.68,79,3,4,2,7,2,8,76.5,61.05,1
7.03,43,5,3,2,12,4,9,71.4,53.72,0
5.79,86,6,6,0,6,3,2,61.0,32.92,0
8.85,70,8,6,4,11,4,1,67.7,72.81,1
7.39,67,6,8,4,1,4,4,80.4,47.12,0
8.74,50,3,8,1,4,4,5,81.9,50.8,0
5.91,82,6,4,3,3,6,10,79.8,58.9,1
6.9,40,1,7,4,12,7,1,74.4,50.08,0
7.51,88,4,9,1,15,5,5,89.2,66.27,1
7.55,86,6,0,1,3,4,6,78.8,38.77,0
7.05,91,7,8,4,7,7,3,86.4,71.07,1
8.12,77,10,7,1,11,7,7,56.7,68.34,1
6.43,63,3,5,0,12,5,6,40.0,25.85,0
7.36,93,9,2,0,10,0,4,81.4,51.98,0
7.62,99,7,2,4,4,6,3,60.9,62.48,1
8.01,96,1,7,3,15,3,5,75.5,68.54,1
8.21,86,2,4,0,12,5,3,74.4,55.06,1
6.38,70,1,9,0,8,2,10,97.0,44.99,0
5.97,80,9,10,4,11,7,9,82.8,75.9,1
8.78,85,9,6,2,9,4,9,80.0,80.89,1
7.83,89,7,4,1,3,7,6,88.0,58.59,1
6.75,65,10,7,0,5,6,6,82.4,50.81,0
9.05,88,3,9,2,4,2,4,72.5,58.88,1
7.62,89,5,9,3,14,0,4,90.9,63.67,1
8.68,44,4,3,2,12,0,2,64.7,28.38,0
7.57,59,7,1,4,10,1,10,81.9,60.78,1
9.56,91,9,2,3,15,4,4,59.4,69.96,1
9.26,80,2,7,3,6,1,8,80.4,68.01,1
7.25,50,8,10,2,11,6,10,80.3,72.53,1
8.47,95,9,6,4,10,2,2,98.1,81.97,1
8.15,93,10,1,0,4,7,9,59.2,73.17,1
8.87,72,10,5,2,8,3,1,70.8,63.9,1
6.54,89,9,8,0,3,1,2,87.9,34.5,0
8.19,77,10,3,2,11,0,2,82.0,65.0,1
8.56,66,7,8,0,5,4,6,80.2,68.58,1
5.74,73,9,1,2,13,7,7,66.5,56.31,1
6.32,54,9,1,3,1,2,3,70.9,41.6,0
5.46,71,3,8,1,13,5,9,92.9,52.44,0
7.23,100,4,6,3,15,6,5,77.4,59.34,1
8.22,97,2,6,0,6,6,5,82.5,49.36,0
9.0,60,10,0,4,11,0,4,76.6,72.51,1
7.57,85,3,10,3,5,5,9,63.8,60.6,1
9.13,44,5,5,1,8,6,8,89.2,63.15,1
6.12,45,5,6,0,9,3,4,84.0,33.4,0
5.8,77,6,10,3,8,7,4,100.0,60.62,1
7.44,61,7,5,2,8,4,2,65.8,44.33,0
7.88,57,7,5,4,12,7,9,87.9,80.37,1
7.47,53,1,1,0,14,3,3,62.3,23.54,0
5.43,49,2,5,3,13,6,4,79.9,32.45,0
7.41,85,9,3,0,3,3,7,89.7,53.96,0
6.2,52,10,8,2,4,7,10,53.1,69.65,1
8.17,70,2,0,1,15,6,8,75.5,60.0,1
7.87,69,6,7,3,11,4,8,71.2,66.36,1
6.56,42,1,4,0,4,4,4,69.6,12.18,0
6.99,69,3,0,0,15,5,7,82.6,42.28,0
6.44,45,2,3,0,15,3,10,91.4,52.44,0
7.44,68,3,0,1,14,2,1,76.4,35.81,0
8.46,47,5,5,0,11,5,6,80.5,57.11,1
6.51,83,10,1,4,5,4,6,79.4,65.02,1
8.0,84,6,4,4,13,0,6,78.0,69.58,1
6.97,82,9,6,0,9,6,2,64.9,51.5,0
6.71,83,10,1,4,12,5,8,91.3,77.89,1
7.39,72,4,5,3,9,1,5,81.5,48.66,0
6.46,56,7,5,4,10,2,5,82.7,46.15,0
6.95,87,6,4,0,13,6,2,68.3,51.58,0
6.3,50,2,4,2,12,5,4,72.5,45.08,0
9.46,52,10,2,3,14,4,9,75.9,73.95,1
7.54,89,8,9,1,1,7,9,59.6,74.25,1
6.8,50,7,9,0,14,4,6,57.7,62.84,1
7.71,70,7,10,1,14,2,9,70.8,71.99,1
7.39,67,8,1,2,8,1,4,84.3,40.75,0
7.28,83,1,6,1,14,5,1,70.2,44.39,0
8.11,45,1,0,0,1,7,2,65.8,16.18,0
8.26,80,8,5,0,2,5,1,68.2,41.11,0
6.97,55,4,5,2,7,3,8,72.5,50.85,0
6.92,43,5,2,0,15,0,9,73.8,30.94,0
7.22,74,8,1,2,8,4,10,100.0,55.68,1
5.2,99,5,1,2,1,5,6,90.7,39.55,0
5.98,87,10,8,0,15,5,2,90.3,58.54,1
8.87,95,4,10,4,3,6,6,92.0,83.42,1
9.14,98,6,4,2,7,6,9,66.0,88.02,1
7.25,65,5,6,0,13,5,3,63.3,46.04,0
8.08,96,7,4,4,9,1,9,64.7,77.54,1
7.81,51,10,6,2,8,0,2,94.0,46.0,0
10.0,50,7,3,4,8,5,5,71.4,75.0,1
8.62,76,4,7,3,15,2,2,63.0,57.94,1
7.37,64,5,10,3,9,4,7,72.8,67.24,1
6.54,57,3,9,4,10,3,10,75.1,64.17,1
5.89,58,4,10,2,3,6,9,81.2,60.85,1
7.7,62,4,9,0,8,2,7,81.0,43.92,0
6.74,94,3,6,1,1,4,5,68.1,27.65,0
6.08,77,10,9,0,8,7,4,86.2,57.31,1
6.85,93,5,4,1,13,6,4,70.3,56.73,1
6.42,57,5,10,1,7,1,10,76.1,54.5,1
9.19,65,7,5,2,13,6,8,86.2,86.58,1
8.38,45,4,4,4,15,0,10,70.3,68.4,1
7.49,43,4,6,0,8,0,10,71.2,40.25,0
8.98,83,9,1,4,1,4,10,85.1,62.52,1
7.58,90,6,4,3,6,2,10,67.7,64.31,1
6.64,68,4,9,2,7,3,10,73.4,65.88,1
9.02,98,2,2,2,14,1,1,84.7,49.29,0
8.04,100,6,8,3,11,4,5,100.0,78.43,1
6.46,73,2,5,0,5,7,2,85.3,34.93,0
7.31,56,5,9,3,14,1,9,83.7,62.73,1
6.62,82,6,2,0,5,0,7,84.4,41.44,0
6.12,82,4,6,1,7,5,10,65.1,63.23,1
8.43,92,3,3,2,15,5,8,79.4,69.1,1
9.41,55,7,2,0,11,3,6,77.6,48.7,0
6.1,41,2,7,4,15,1,9,81.9,54.15,1
8.06,73,6,3,4,3,4,6,79.4,46.86,0
6.85,94,4,10,2,6,3,7,82.6,64.49,1
7.01,47,6,0,3,7,6,7,74.3,50.96,0
6.91,52,4,5,3,1,6,9,78.7,62.39,1
6.64,81,4,9,0,12,7,8,63.3,59.19,1
7.55,47,4,10,3,2,2,1,74.2,44.01,0
6.67,69,9,10,2,12,5,4,94.7,63.53,1
7.77,71,7,0,0,4,4,7,81.8,42.37,0
7.45,75,3,4,1,13,1,8,77.7,42.49,0
7.26,86,3,6,3,8,3,7,100.0,61.15,1
6.59,69,6,5,3,11,4,3,61.7,48.09,0
6.92,40,6,1,0,13,3,4,64.7,33.19,0
8.26,82,4,10,4,14,3,7,98.6,79.94,1
8.0,78,9,3,3,10,3,8,78.6,72.08,1
6.52,56,4,10,2,6,1,7,75.1,46.63,0
7.6,98,9,1,3,1,4,6,63.6,56.05,1
8.25,59,4,10,1,10,0,9,83.4,62.95,1
5.83,63,2,0,3,5,0,9,84.5,33.56,0
8.04,89,2,2,4,7,1,7,64.9,58.94,1
6.84,61,5,2,3,15,6,8,76.3,60.42,1
8.07,68,4,6,0,13,1,6,74.0,48.44,0
6.74,61,7,0,3,6,5,1,81.1,37.22,0
5.7,83,5,8,4,13,3,1,64.6,47.08,0
5.87,48,6,10,0,13,4,6,93.0,48.54,0
7.55,76,10,5,2,12,4,2,89.0,74.97,1
7.76,49,4,3,0,9,2,8,73.6,36.19,0
6.6,75,2,2,1,8,2,1,75.4,23.11,0
8.14,76,10,2,0,15,7,2,76.4,57.19,1
5.84,67,9,1,2,4,0,8,68.7,38.46,0
7.43,67,10,1,3,13,2,6,72.7,59.25,1
6.29,81,7,9,0,11,2,10,74.8,63.1,1
6.85,82,4,4,0,12,0,2,97.4,26.3,0
7.55,60,3,8,0,5,5,2,89.4,46.03,0
6.64,63,10,1,0,7,6,7,89.2,53.75,0
7.12,81,3,1,2,8,0,5,82.4,31.2,0
8.51,99,9,5,4,5,6,5,64.6,63.92,1
6.92,79,5,9,4,9,7,8,77.5,70.41,1
8.34,41,3,1,0,14,2,7,89.6,41.22,0
6.37,94,5,3,2,10,4,9,62.9,72.39,1
8.03,47,2,5,2,12,2,4,85.6,48.8,0
8.94,87,4,4,0,4,3,10,100.0,51.44,0
5.03,66,10,0,1,4,7,4,90.7,32.52,0
6.7,61,2,5,0,13,6,2,95.0,37.77,0
8.08,76,2,0,1,8,6,3,80.6,41.62,0
7.3,66,8,2,0,1,3,1,89.6,22.96,0
7.87,96,1,9,1,8,3,1,69.4,45.42,0
6.9,68,7,4,1,5,5,7,87.6,47.65,0
7.59,42,5,9,0,13,1,5,85.9,41.72,0
7.34,83,8,4,1,14,3,3,81.5,57.51,1
8.67,52,1,9,3,11,6,7,93.8,74.47,1
7.75,84,7,5,4,1,4,2,71.5,60.18,1
7.84,49,5,9,2,4,6,3,75.8,55.26,1
7.09,75,4,7,1,2,6,1,79.1,36.65,0
7.01,48,7,4,1,4,5,8,65.6,50.73,0
7.07,93,10,10,2,8,1,2,80.7,64.86,1
7.89,95,2,0,1,5,1,7,57.4,39.33,0
7.08,94,1,4,2,1,3,9,90.6,45.71,0
7.79,66,1,2,0,7,7,6,78.6,37.45,0
9.58,73,1,3,3,1,2,2,71.7,43.05,0
8.37,90,5,7,3,9,6,2,68.0,80.06,1
7.17,40,10,6,4,3,0,9,75.2,61.71,1
8.7,71,7,10,1,12,2,10,86.3,76.15,1
7.09,64,2,4,4,3,2,8,84.6,44.26,0
5.46,68,10,1,0,15,1,9,69.5,43.28,0
6.49,46,8,5,3,15,1,4,67.8,63.17,1
5.63,88,4,10,0,6,5,4,85.9,42.41,0
7.15,42,3,5,0,10,5,2,69.3,36.25,0
7.52,59,10,9,1,6,1,10,78.7,64.55,1
9.18,59,8,9,0,13,4,1,79.5,63.05,1
7.83,92,2,10,3,11,4,10,81.7,83.71,1
7.28,69,3,5,4,11,0,4,88.3,48.23,0
8.33,74,3,8,3,6,1,10,62.8,61.46,1
5.29,74,10,10,1,13,3,10,55.1,75.44,1
7.74,88,1,7,3,1,5,8,71.2,64.1,1
8.27,78,6,7,2,5,1,2,99.6,58.88,1
6.02,66,2,0,4,12,4,8,100.0,55.03,1
8.64,65,1,4,2,6,1,1,100.0,41.35,0
7.84,53,2,6,2,8,4,1,75.7,51.49,0
7.08,56,6,5,1,13,1,4,56.6,42.02,0
8.13,57,4,4,0,1,6,7,49.9,43.86,0
9.77,84,6,7,2,5,3,9,70.6,67.84,1
7.68,91,9,2,3,3,7,5,75.6,59.1,1
7.75,68,10,5,0,2,0,2,93.6,34.09,0
7.04,59,10,4,3,11,6,7,88.4,77.55,1
6.65,92,8,7,3,8,3,2,80.7,43.1,0
8.33,66,1,3,0,7,4,9,67.3,42.88,0
6.64,57,8,7,0,10,5,9,66.5,38.96,0
7.57,43,9,9,3,7,5,3,81.0,56.62,1
7.02,40,6,1,1,5,2,8,86.4,34.67,0
7.98,89,10,8,4,12,3,4,82.7,89.75,1
7.83,40,5,8,4,13,1,3,65.6,57.31,1
8.54,97,6,9,1,9,0,1,85.8,52.88,0
6.99,65,6,9,0,5,1,5,83.1,50.76,0
7.23,84,9,5,3,2,1,4,65.2,52.38,0
6.52,59,4,3,4,3,3,1,68.6,32.7,0
7.06,91,2,3,3,4,7,10,86.3,54.73,1
7.88,62,9,5,1,15,0,8,75.2,57.58,1
8.26,49,2,4,3,5,2,8,97.1,47.34,0
6.58,98,10,5,1,13,6,8,84.0,74.03,1
8.37,50,9,6,0,3,1,3,72.2,42.53,0
8.86,80,2,6,1,12,0,6,77.9,64.85,1
7.91,80,8,8,1,14,2,7,78.8,73.26,1
9.38,44,9,7,4,7,6,9,69.3,67.53,1
6.73,97,10,5,3,5,1,5,67.0,60.64,1
6.26,40,9,5,4,5,0,9,86.4,46.1,0
5.72,56,10,4,2,6,6,6,88.1,46.29,0
9.0,61,9,0,1,7,3,10,85.2,58.88,1
8.15,73,2,8,2,10,7,10,96.2,71.08,1
7.44,95,4,8,4,10,5,10,71.5,72.29,1
7.78,84,7,8,3,8,5,4,98.1,72.84,1
6.37,80,2,10,4,9,1,1,67.2,37.71,0
9.95,68,1,7,3,11,1,1,65.8,56.82,1
7.63,43,3,9,3,4,6,10,56.9,74.13,1
7.61,44,4,2,0,5,0,5,72.7,17.78,0
8.23,50,8,0,1,15,5,3,72.0,47.99,0
7.98,95,6,10,4,5,1,5,84.3,56.8,1
7.72,90,2,7,3,8,2,5,80.9,55.88,1
6.71,60,9,6,4,9,1,1,63.7,53.22,0
7.97,74,2,4,4,7,5,8,73.3,66.84,1
9.38,51,5,9,3,15,4,5,73.5,75.3,1
8.85,65,4,6,2,5,7,5,56.7,63.39,1
9.09,90,7,9,1,3,5,9,66.2,91.34,1
6.99,58,8,3,1,1,2,8,68.8,52.56,0
6.51,84,5,8,0,11,0,1,95.2,36.98,0
7.37,99,10,10,0,9,2,3,80.3,54.51,1
7.56,46,5,9,0,5,4,7,85.9,47.6,0
8.59,86,2,1,1,9,4,1,60.0,32.45,0
5.81,94,8,8,2,10,1,1,92.3,53.61,0
9.03,46,2,8,1,15,1,5,93.6,49.29,0
7.34,65,10,4,1,12,5,9,54.0,64.5,1
7.07,79,6,10,1,13,3,6,69.5,68.1,1
6.49,44,8,0,1,14,7,10,83.9,55.6,1
5.85,60,6,6,2,4,2,2,85.7,28.44,0
8.32,53,4,9,0,5,5,9,69.9,64.27,1
7.57,43,4,9,4,4,3,6,74.3,44.51,0
6.21,62,6,3,0,2,5,5,70.8,29.26,0
6.2,81,4,8,0,12,7,5,79.3,52.23,0
7.16,59,8,5,4,1,7,3,92.4,57.18,1
9.17,54,9,2,1,8,4,6,68.7,59.63,1
7.24,89,1,5,2,4,1,4,90.0,44.31,0
6.0,91,4,9,2,5,1,10,68.6,55.85,1
7.25,84,4,5,0,6,7,2,67.8,39.11,0
7.23,68,2,4,4,14,5,3,87.8,52.92,0
4.8,47,6,1,3,8,7,9,89.1,42.26,0
7.45,80,3,9,1,11,1,9,88.2,66.94,1
7.27,87,7,9,0,8,0,6,62.2,49.18,0
8.2,58,5,1,2,7,5,10,72.4,62.86,1
9.35,87,4,6,4,4,4,10,87.9,81.52,1
8.63,78,5,1,4,6,6,9,78.5,67.61,1
7.23,85,8,5,0,4,5,4,65.1,51.33,0
6.39,67,3,4,3,15,5,5,83.5,48.82,0
10.0,85,7,3,2,14,1,10,69.4,84.37,1
7.56,96,6,6,0,7,4,6,99.5,60.81,1
7.51,66,1,7,3,12,5,9,96.5,63.63,1
7.48,43,7,3,4,13,1,5,85.2,58.97,1
7.7,97,7,0,1,12,7,8,94.3,71.45,1
7.36,54,1,0,2,15,2,1,78.8,36.49,0
6.93,74,9,0,2,13,4,5,87.2,61.65,1
6.95,76,6,10,3,13,3,10,95.7,82.96,1
7.47,40,2,0,0,11,0,1,80.9,9.09,0
6.96,42,5,4,4,14,3,10,74.9,77.72,1
6.79,86,4,3,3,1,6,6,57.5,38.82,0
7.61,63,7,8,1,5,7,7,77.0,68.19,1
7.25,66,8,2,1,15,4,5,87.9,58.24,1
9.0,79,1,6,1,14,5,1,89.3,47.58,0
4.85,100,5,10,3,10,1,6,84.1,56.38,1
8.59,75,3,7,4,12,6,10,71.5,81.78,1
8.75,73,1,5,2,15,4,5,54.3,64.6,1
5.43,68,3,9,0,10,0,6,72.1,30.52,0
7.16,63,6,0,2,15,4,10,74.3,57.82,1
7.13,63,7,7,4,4,6,7,74.2,52.05,0
6.09,81,8,9,2,11,1,7,85.4,73.49,1
6.72,43,4,2,3,7,3,2,100.0,28.2,0
6.39,42,3,7,1,13,2,3,79.5,37.08,0
9.25,73,5,3,4,9,3,6,75.4,67.75,1
8.44,96,9,7,4,5,1,3,74.9,69.5,1
8.77,88,6,10,2,4,6,2,79.5,72.12,1
8.22,62,9,0,3,15,1,4,68.1,66.95,1
6.37,92,6,2,2,9,7,5,79.4,55.65,1
6.98,95,2,5,2,5,0,10,83.4,56.81,1
7.99,91,5,8,4,9,4,9,80.5,83.32,1
6.28,62,9,1,2,8,7,3,83.5,52.64,0
8.21,84,8,10,1,4,4,3,83.2,60.34,1
7.26,44,7,0,2,11,3,6,56.7,48.87,0
7.13,70,1,9,1,11,6,5,85.6,60.05,1
8.21,92,4,2,4,7,2,6,69.9,66.07,1
7.94,80,7,3,3,5,2,7,64.8,54.54,1
7.14,96,7,10,1,10,0,3,64.7,54.52,1
8.66,100,6,4,3,4,1,5,83.2,64.15,1
6.42,96,8,2,3,5,0,8,75.3,46.23,0
8.12,99,6,9,1,5,4,4,57.8,69.91,1
8.09,93,10,10,4,11,5,10,83.7,99.93,1
7.19,45,3,1,0,15,5,2,60.7,30.39,0
7.83,76,4,1,3,9,5,4,79.7,48.74,0
6.25,96,3,6,3,12,1,2,80.9,39.45,0
8.42,49,1,8,4,9,0,3,88.6,47.35,0
7.32,79,10,9,4,6,7,4,99.4,80.91,1
6.98,46,5,1,2,14,6,4,61.6,46.89,0
8.55,78,1,6,4,4,3,10,77.4,67.95,1
6.8,77,1,6,3,15,4,9,74.7,64.7,1
6.09,60,2,10,1,2,5,10,83.2,47.07,0
5.94,100,4,6,0,14,6,6,80.6,57.56,1
8.11,59,6,2,2,3,2,9,73.8,60.24,1
6.22,42,8,6,1,2,7,4,72.7,43.99,0
9.25,90,3,0,0,5,0,9,64.6,51.53,0
5.42,61,1,9,0,6,4,9,89.9,41.64,0
9.2,86,3,0,0,11,4,6,83.5,43.91,0
7.71,43,3,4,1,5,2,5,89.0,29.56,0
7.4,67,5,1,2,2,7,3,74.3,42.78,0
6.96,51,4,8,2,12,2,5,70.1,48.83,0
7.9,77,4,6,0,5,2,3,65.1,41.36,0
7.46,90,9,3,1,9,5,5,82.3,70.77,1
8.6,75,7,3,0,4,7,5,65.5,57.12,1
7.61,86,4,1,4,12,5,2,100.0,65.54,1
7.65,80,3,4,2,10,0,9,62.3,53.79,0
7.14,44,6,3,3,2,2,7,81.3,39.1,0
7.44,52,3,0,0,3,3,6,96.8,28.74,0
7.81,62,6,7,4,3,4,5,85.2,56.72,1
5.79,97,9,2,2,9,7,4,80.1,64.88,1
6.15,89,6,5,1,4,2,8,66.4,51.18,0
8.24,69,4,3,2,15,7,2,61.4,57.54,1
7.67,76,5,8,1,1,4,8,87.2,65.07,1
7.32,64,6,6,1,1,1,1,96.1,22.71,0
7.52,87,3,8,0,15,6,10,72.7,73.09,1
7.85,66,8,9,0,7,1,1,64.3,36.41,0
6.96,90,4,2,2,7,2,3,48.5,36.63,0
6.72,53,8,0,4,2,4,5,66.2,40.89,0
7.7,96,10,4,2,9,6,6,76.6,76.79,1
6.52,87,10,2,3,9,1,4,97.2,57.83,1
7.91,98,3,5,1,5,2,7,86.1,62.17,1
5.8,86,10,7,1,15,4,7,81.7,63.17,1
8.53,93,7,10,0,15,2,2,73.2,69.59,1
7.97,75,9,3,4,3,5,2,71.0,58.85,1
7.76,78,4,4,0,3,4,2,94.9,28.04,0
8.48,55,8,4,3,12,1,2,80.4,50.8,0
9.17,95,3,3,2,3,2,9,52.8,57.6,1
8.51,61,7,3,2,6,7,5,69.9,65.19,1
5.66,60,3,3,4,4,1,8,67.7,40.89,0
6.22,93,7,3,0,8,2,5,71.4,34.09,0
6.88,60,10,3,0,15,7,5,84.8,56.93,1
7.53,47,10,4,3,13,7,1,76.7,71.83,1
8.02,88,6,1,2,11,0,6,77.1,55.1,1
6.77,55,2,1,0,13,7,4,93.8,34.05,0
7.69,98,3,8,4,11,1,3,69.6,64.93,1
6.74,94,6,1,2,11,1,6,100.0,57.68,1
6.89,70,4,5,3,5,3,2,69.9,37.8,0
6.09,81,6,1,4,1,6,8,79.1,55.96,1
6.58,49,1,4,1,9,5,1,74.6,23.37,0
6.15,71,10,3,3,1,1,9,79.5,57.35,1
6.52,98,1,6,4,6,4,8,83.3,61.26,1
8.55,73,3,6,0,1,6,1,83.2,42.85,0
6.55,48,8,5,1,3,7,10,69.0,49.04,0
10.0,56,8,9,3,15,2,9,64.5,83.73,1
7.99,50,4,4,0,10,0,2,100.0,40.02,0
7.68,71,6,0,1,5,4,3,72.2,36.95,0
6.64,49,8,2,2,15,6,2,86.4,50.43,0
8.2,61,7,8,0,10,4,8,58.7,59.89,1
6.92,96,7,0,4,7,4,2,74.6,56.44,1
7.62,56,4,4,3,14,4,10,76.5,62.37,1
10.0,43,9,1,1,10,6,2,83.7,56.84,1
7.4,87,10,3,0,8,0,1,45.3,42.22,0
8.65,91,6,10,2,12,7,7,80.0,92.81,1
6.8,86,3,0,3,9,3,2,64.2,33.51,0
7.47,64,5,2,3,6,5,10,81.9,72.26,1
9.27,98,5,9,0,15,7,5,65.6,79.1,1
6.87,60,5,6,2,11,1,5,67.7,40.13,0
9.31,76,8,9,1,9,6,3,74.7,74.14,1
8.21,77,9,2,0,8,4,3,65.4,46.19,0
6.94,88,9,3,1,9,7,3,72.3,57.57,1
8.13,40,6,1,3,10,1,6,63.7,46.54,0
8.47,64,6,2,1,4,6,4,56.0,45.6,0
8.12,90,9,8,2,9,1,3,90.2,61.75,1
5.93,75,4,2,4,15,4,2,62.4,50.39,0
6.77,56,6,10,2,7,3,3,75.9,42.46,0
7.25,80,4,4,1,5,6,4,87.0,39.84,0
7.43,63,1,1,0,5,1,6,70.6,27.29,0
8.12,41,7,3,3,1,2,4,68.1,51.49,0
7.68,79,10,6,4,2,1,8,80.7,68.3,1
6.16,54,6,6,0,10,5,3,91.4,44.01,0
7.88,71,9,2,0,3,4,3,64.0,47.17,0
8.11,78,7,4,2,14,0,3,76.2,60.79,1
8.06,98,7,0,1,14,1,8,57.2,57.16,1
8.58,45,2,9,2,8,3,4,73.3,44.14,0
8.33,40,9,9,1,6,2,1,78.4,35.55,0
7.96,86,10,9,2,12,2,2,67.7,66.45,1
7.43,62,9,10,0,10,0,10,72.5,71.75,1
5.84,97,6,0,3,11,7,2,61.1,39.36,0
7.93,78,3,4,1,13,5,3,78.9,54.9,1
7.71,100,1,9,4,15,0,6,90.7,65.69,1
7.77,96,4,8,4,14,5,8,64.8,81.93,1
6.22,56,3,0,0,5,1,1,70.5,13.25,0
6.42,73,1,0,2,13,4,9,84.0,42.14,0
8.55,98,3,3,2,1,3,1,92.5,45.65,0
7.46,80,4,3,0,12,2,10,60.1,49.21,0
8.18,68,8,1,4,11,0,2,76.0,57.61,1
7.53,48,9,8,4,12,3,3,81.4,67.51,1
7.53,52,3,8,2,9,5,7,76.8,57.1,1
8.44,45,6,1,1,3,4,9,48.3,53.87,0
6.98,45,10,8,3,3,2,3,84.0,55.64,1
7.6,59,5,5,1,2,2,8,96.2,43.93,0
7.04,91,6,7,4,4,5,9,79.4,72.63,1
7.07,92,4,9,1,12,4,10,65.6,68.22,1
7.19,42,10,3,3,2,2,7,71.8,50.18,0
7.72,56,6,1,1,13,4,4,99.2,63.71,1
7.02,88,7,1,1,9,2,4,88.9,48.06,0
8.76,51,9,8,1,12,1,4,85.7,50.59,0
6.61,87,10,0,1,10,5,6,82.3,52.07,0
7.31,86,7,6,0,7,4,4,70.1,38.42,0
7.06,84,6,10,4,8,3,5,75.6,66.88,1
8.95,94,1,2,3,3,7,9,77.1,53.55,0
7.7,40,2,2,4,6,1,7,84.6,38.25,0
8.53,56,1,1,0,15,6,8,96.1,43.56,0
6.01,42,9,9,0,10,3,5,91.4,49.98,0
7.77,65,10,5,0,6,5,5,61.0,53.02,0
8.39,54,10,9,0,13,2,7,80.7,70.75,1
7.58,75,9,1,1,1,6,8,86.8,55.07,1
8.57,71,7,9,4,6,3,9,85.4,73.5,1
6.98,71,2,3,2,13,1,2,70.4,38.54,0
8.91,43,6,9,3,14,6,3,100.0,85.18,1
9.8,57,4,8,0,3,6,2,62.7,51.83,0
7.14,88,1,8,4,11,4,10,65.0,68.13,1
7.05,58,1,5,0,3,0,7,80.8,19.82,0
8.95,82,5,3,0,3,3,2,100.0,39.23,0
9.08,91,2,6,0,10,0,2,68.0,47.44,0
6.98,74,4,0,0,11,5,2,74.8,38.75,0
7.08,79,1,3,0,15,3,4,90.9,41.76,0
7.22,53,4,4,3,11,3,1,77.8,46.23,0
6.16,97,6,7,4,15,4,2,74.0,67.75,1
6.58,72,10,1,0,10,2,3,84.8,43.25,0
6.5,53,4,4,0,11,1,7,81.3,32.71,0
6.73,73,1,5,0,8,1,10,90.4,44.0,0
7.47,100,7,4,0,13,1,1,93.5,43.93,0
7.73,94,2,8,1,5,7,6,81.7,59.72,1
9.05,43,9,9,1,4,5,3,81.5,62.11,1
6.5,63,3,0,2,13,6,3,80.6,48.43,0
8.48,98,8,2,0,9,2,4,83.9,47.38,0
7.29,68,8,1,2,9,0,4,78.7,47.0,0
7.45,58,3,2,3,1,1,7,78.0,47.93,0
8.17,45,4,9,2,2,7,3,92.4,57.25,1
6.38,96,2,8,4,8,0,8,96.2,66.89,1
7.88,72,4,8,1,5,2,8,59.9,56.94,1
7.67,88,9,9,1,7,5,7,78.1,80.38,1
7.99,79,2,1,0,1,2,2,69.7,16.66,0
7.79,58,3,2,0,12,4,5,74.3,31.7,0
9.96,92,4,3,3,10,6,6,82.8,77.1,1
6.86,40,5,8,3,12,1,10,86.0,48.82,0
6.97,44,1,2,4,5,5,4,76.7,43.66,0
6.88,66,7,6,0,11,4,10,55.0,64.15,1
6.94,55,10,2,0,12,1,5,66.4,39.44,0
6.86,45,7,6,3,3,2,9,88.8,52.78,0
8.69,79,9,6,3,10,2,7,45.1,72.19,1
8.92,52,4,8,3,12,7,2,92.2,67.43,1
6.93,87,6,1,1,12,3,1,84.3,41.63,0
6.67,74,2,5,2,14,3,2,93.8,47.63,0
7.97,58,4,8,2,2,2,3,75.6,42.71,0
6.95,51,2,1,0,2,2,2,53.3,15.83,0
8.13,55,10,1,1,9,0,3,83.2,47.23,0
7.7,98,5,4,3,13,7,10,93.3,79.2,1
5.98,82,7,9,0,4,6,9,89.1,67.12,1
9.05,49,1,9,1,4,0,4,70.0,32.56,0
9.3,64,10,9,4,7,6,9,79.0,93.36,1
6.89,59,10,7,1,10,4,3,71.6,58.93,1
7.11,70,7,10,0,10,3,1,68.2,42.53,0
7.79,43,10,8,2,13,3,5,89.5,69.03,1
7.83,83,6,1,3,2,7,10,63.6,66.92,1
8.16,62,6,4,4,3,2,10,67.3,58.37,1
9.51,41,8,6,1,3,2,2,64.8,46.02,0
7.32,95,8,5,0,6,4,4,60.1,49.11,0
6.7,61,6,5,0,3,5,2,79.8,29.65,0
6.12,90,3,6,3,11,5,2,91.9,65.28,1
6.77,96,5,2,0,5,7,3,75.8,35.88,0
7.47,76,2,2,0,4,5,5,59.9,38.84,0
9.29,47,5,9,3,3,3,4,88.1,58.91,1
6.98,46,9,8,4,8,0,2,98.2,48.59,0
7.72,53,10,7,2,14,5,10,70.2,79.1,1
7.48,95,1,4,2,10,1,2,72.3,44.68,0
8.69,94,10,5,1,3,7,6,84.2,78.43,1
10.0,42,5,10,4,6,4,7,97.5,89.71,1
6.97,89,6,9,1,13,5,10,71.8,91.8,1
7.01,55,7,0,2,15,1,6,62.0,46.43,0
8.54,94,9,9,3,7,5,7,85.6,82.57,1
8.18,58,6,0,0,7,0,1,87.6,30.81,0
9.35,90,5,3,2,2,0,6,78.1,54.01,1
8.08,57,7,1,4,14,5,3,71.3,65.2,1
7.14,91,1,10,2,3,7,1,89.9,42.17,0
8.09,55,5,6,4,12,7,8,84.3,90.42,1
8.61,47,2,1,4,10,1,4,68.8,49.1,0
8.32,99,4,9,4,10,4,10,78.6,77.22,1
8.01,72,7,1,1,15,1,8,61.8,51.9,0
8.57,88,5,4,3,4,4,10,86.2,77.19,1
8.67,51,6,3,2,7,5,4,74.9,59.26,1
8.88,92,2,7,3,2,4,4,72.8,51.21,0
8.15,50,3,3,0,3,2,10,77.6,45.64,0
7.33,44,7,5,2,7,3,4,78.5,34.32,0
7.65,66,2,4,3,7,6,6,88.7,54.42,1
8.71,51,6,10,3,15,3,9,85.1,89.27,1
6.68,56,5,1,0,10,0,5,76.1,25.1,0
7.87,45,10,10,4,3,2,10,87.2,68.43,1
7.11,72,1,7,2,12,3,8,82.8,57.21,1
7.53,44,10,1,2,1,5,8,72.9,47.11,0
8.78,96,4,8,0,12,4,4,76.5,67.1,1
7.69,67,2,8,4,3,4,10,76.2,59.88,1
7.55,53,4,2,2,5,1,9,84.1,40.5,0
6.14,44,1,3,2,7,1,9,73.6,20.01,0
8.25,93,2,7,2,4,7,5,73.3,61.17,1
8.15,95,8,8,4,13,4,6,100.0,87.62,1
9.66,98,6,2,0,13,7,5,89.3,64.17,1
7.19,72,2,4,2,11,5,3,68.9,45.13,0
7.72,89,6,10,3,11,4,8,84.9,87.46,1
7.75,87,10,7,4,15,1,9,79.4,86.26,1
9.08,80,9,2,1,1,3,4,82.7,55.54,1
7.4,58,7,6,0,6,7,9,79.6,60.45,1
7.78,61,9,10,3,2,7,9,92.3,72.71,1
8.11,44,5,7,2,12,0,7,82.1,68.92,1
7.69,98,7,9,1,3,1,8,77.3,61.24,1
7.05,41,7,10,0,4,5,3,90.5,48.42,0
7.69,69,3,2,4,6,7,5,80.8,60.02,1
8.57,86,7,1,1,6,3,3,79.5,48.53,0
6.47,78,1,9,1,7,3,7,81.8,50.92,0
7.63,43,9,6,3,5,3,6,76.9,59.51,1
6.8,72,10,8,0,7,2,3,78.1,40.47,0
8.7,52,6,0,3,2,2,9,71.0,50.08,0
5.98,59,5,2,3,1,6,1,69.0,25.01,0
6.94,93,7,4,2,12,3,10,66.0,64.97,1
7.88,46,5,2,4,10,7,3,61.3,44.26,0
9.07,54,10,0,1,8,5,10,67.4,72.53,1
7.43,62,5,6,0,1,4,7,75.9,52.81,0
6.94,53,10,6,4,12,5,3,79.2,70.94,1
9.38,62,7,9,4,2,2,3,74.7,73.71,1
6.05,58,10,7,0,11,1,2,49.7,34.71,0
5.3,93,7,4,4,12,7,9,96.9,69.47,1
7.94,68,3,9,2,10,6,4,91.0,57.56,1
7.0,95,3,4,4,6,2,10,83.3,67.65,1
6.48,59,10,4,2,1,4,6,100.0,52.55,0
8.21,68,3,0,1,10,0,2,66.3,30.01,0
7.74,63,6,9,1,3,6,9,100.0,74.54,1
6.94,57,6,4,3,7,2,7,66.4,52.25,0
6.22,49,3,5,2,12,5,10,80.9,48.32,0
8.37,80,3,0,1,8,6,5,62.7,41.91,0
8.15,96,8,10,4,4,7,7,78.2,91.37,1
7.4,47,8,6,0,12,5,4,82.6,57.49,1
9.35,65,7,0,0,3,3,10,76.1,58.06,1
6.43,68,10,10,2,1,3,7,86.6,72.65,1
5.97,49,4,1,3,12,3,2,79.2,41.84,0
6.81,56,4,1,4,9,6,7,71.7,54.7,1
7.45,41,3,4,2,10,0,4,71.2,29.82,0
7.74,45,5,9,0,6,4,4,87.7,38.12,0
7.26,97,3,6,2,6,7,1,70.2,46.95,0
7.85,44,8,0,4,9,6,3,89.0,59.48,1
6.25,67,7,9,1,1,1,5,92.7,54.65,1
8.94,80,3,0,4,6,7,5,58.0,61.02,1
7.42,44,9,0,1,12,5,2,91.6,50.64,0
8.62,57,5,5,1,5,5,4,100.0,51.13,0
7.84,65,9,1,1,13,6,1,81.0,54.75,1
7.96,59,7,0,2,11,6,9,85.2,68.24,1
8.07,80,7,5,0,15,4,1,90.4,43.19,0
7.95,88,6,1,2,6,0,6,74.7,46.8,0
8.14,66,2,5,0,14,6,7,80.2,61.64,1
8.83,88,9,9,4,11,3,3,62.2,81.78,1
7.7,51,6,7,3,8,4,1,79.7,43.72,0
8.21,46,8,1,4,5,1,7,84.0,41.14,0
7.41,98,1,10,2,2,3,3,84.2,47.54,0
8.94,42,5,8,2,12,1,10,90.8,70.29,1
6.82,49,1,7,0,12,2,6,68.7,30.31,0
9.3,73,10,9,2,2,1,6,71.6,71.48,1
7.46,64,8,0,1,10,3,4,100.0,49.95,0
6.07,74,8,6,2,5,2,6,76.2,53.57,0
7.63,55,1,9,0,3,3,10,80.4,33.18,0
6.82,41,9,5,0,10,5,4,77.2,36.6,0
8.34,99,2,5,1,3,3,8,68.1,52.32,0
6.85,63,9,5,0,8,2,9,97.5,59.47,1
7.05,49,1,5,3,7,1,2,71.7,33.64,0
5.61,77,10,9,4,1,5,7,64.5,66.87,1
7.05,61,9,6,2,12,0,9,72.6,60.5,1
5.08,65,4,2,3,13,0,9,54.0,37.65,0
5.92,82,9,5,2,12,7,5,70.2,56.74,1
8.26,94,7,2,3,5,0,1,66.4,51.85,0
8.29,78,6,6,2,9,0,6,85.4,55.42,1
7.93,66,5,6,1,4,4,8,69.9,59.26,1
6.53,68,9,7,0,1,0,1,88.7,33.77,0
7.45,86,2,1,0,8,2,2,94.8,30.98,0
7.5,77,2,8,1,5,6,1,87.4,40.13,0
6.34,59,9,4,3,2,0,5,75.4,34.16,0
9.0,66,3,8,4,15,3,2,79.7,63.92,1
8.38,80,8,9,3,12,6,10,59.7,87.32,1
7.28,93,9,4,0,1,0,10,76.4,39.36,0
7.53,59,8,6,4,14,6,4,67.7,68.52,1
7.71,83,4,10,2,12,1,1,86.3,61.46,1
5.46,58,1,8,4,12,2,7,100.0,55.05,1
7.25,59,4,3,3,12,2,8,84.0,52.53,0
6.82,74,9,1,1,3,7,5,54.1,44.63,0
6.5,86,2,8,2,9,6,2,73.7,44.51,0
7.22,41,3,1,3,1,7,8,79.5,43.89,0
9.3,69,10,2,2,4,5,1,79.0,66.26,1
8.14,92,8,9,4,8,4,7,69.2,88.82,1
6.93,73,6,1,0,8,3,1,80.9,33.45,0
8.07,61,8,2,3,10,6,6,63.1,60.12,1
8.9,42,7,5,1,12,2,6,66.7,60.68,1
8.42,45,5,2,4,11,7,5,85.7,52.7,0
7.56,54,9,9,3,13,1,2,65.8,58.29,1
6.85,66,4,7,1,11,0,2,84.5,42.25,0
8.2,49,6,10,3,8,2,9,61.6,73.15,1
7.89,48,2,5,4,10,1,5,99.2,56.52,1
8.4,72,2,6,3,8,0,5,68.7,53.3,0
8.14,71,2,0,2,4,4,7,75.3,42.53,0
8.55,87,10,2,4,8,2,6,82.0,76.73,1
6.96,45,7,2,3,9,7,2,71.2,39.63,0
8.82,80,2,1,0,7,2,1,79.7,27.52,0
7.7,98,2,6,3,14,6,5,84.9,69.53,1
9.58,75,9,8,2,12,6,4,89.5,84.46,1
6.81,98,7,3,1,2,1,3,87.5,29.29,0
9.24,99,3,4,1,9,7,2,75.9,62.0,1
7.7,41,3,2,1,11,5,10,76.2,54.59,1
6.85,68,7,10,0,8,6,2,100.0,53.02,0
7.02,43,5,8,2,13,3,4,89.4,66.3,1
7.18,40,10,3,4,5,4,2,66.9,43.48,0
7.92,58,6,4,1,15,3,4,79.2,50.5,0
8.02,65,8,0,2,12,2,3,74.0,46.34,0
6.93,64,9,10,3,3,3,9,76.4,68.79,1
7.48,49,1,1,0,7,0,7,63.2,21.75,0
9.64,92,3,8,2,14,4,3,73.1,63.22,1
9.23,54,7,1,2,14,3,8,99.7,65.84,1
7.94,98,6,4,4,15,0,9,84.9,77.82,1
7.54,61,7,7,2,2,1,7,48.1,56.2,1
7.62,90,8,2,4,13,3,6,92.6,85.95,1
8.11,87,6,5,0,3,4,4,91.1,58.37,1
6.48,60,3,3,0,12,0,5,73.7,24.61,0
7.24,98,2,10,3,9,3,8,86.6,66.37,1
5.83,95,7,6,4,4,1,3,67.7,47.7,0
7.9,61,1,9,4,4,3,2,72.4,58.68,1
8.15,75,3,2,1,3,0,3,96.0,33.41,0
7.02,73,4,5,1,5,3,7,74.7,37.53,0
9.07,69,1,9,3,3,4,8,55.6,59.85,1
6.27,64,5,8,0,9,2,1,77.2,37.66,0
6.04,84,10,10,1,15,7,7,77.1,80.12,1
7.72,67,3,9,2,3,7,9,92.4,64.85,1
8.55,40,2,0,0,2,0,3,78.2,21.43,0
9.18,88,3,2,2,12,0,3,72.9,37.75,0
7.04,84,8,1,4,5,0,8,90.5,59.69,1
8.58,43,6,7,0,6,0,4,79.4,47.28,0
7.46,46,7,6,3,1,3,8,69.0,48.57,0
7.33,88,6,1,4,14,4,5,91.9,60.75,1
8.38,48,6,5,4,12,7,3,80.3,54.83,1
8.15,75,3,2,2,11,1,4,78.0,55.61,1
5.92,58,8,7,4,6,7,4,80.1,53.82,0
8.98,40,7,9,1,10,4,8,65.2,68.74,1
8.88,49,7,2,0,3,0,6,71.7,42.83,0
6.87,75,6,9,1,4,5,7,78.0,66.41,1
7.9,48,5,8,2,6,3,9,75.7,58.92,1
7.99,84,10,0,2,8,5,6,93.3,62.07,1
7.76,85,8,4,0,15,3,3,80.6,57.02,1
6.95,81,5,2,4,9,0,3,88.3,55.22,1
6.83,71,9,5,3,6,3,3,78.1,52.26,0
7.47,71,9,9,2,7,0,10,90.7,66.16,1
8.67,45,1,1,0,15,4,2,82.8,25.4,0
8.04,87,6,8,3,14,6,1,78.2,62.81,1
7.13,77,7,5,4,5,2,10,77.8,72.88,1
8.27,56,3,6,2,14,3,1,66.5,45.03,0
4.65,49,7,4,0,12,0,4,84.1,21.32,0
8.65,89,7,8,0,15,5,3,77.5,64.36,1
5.76,66,2,0,0,9,0,5,72.0,17.71,0
7.14,93,7,4,2,4,5,9,91.3,64.31,1
6.38,89,1,10,3,10,7,8,63.0,63.87,1
6.21,74,5,9,0,11,3,9,72.9,63.14,1
8.66,91,9,10,4,6,1,5,90.3,91.03,1
7.03,98,7,5,0,5,5,8,81.8,48.9,0
7.85,60,7,6,3,1,0,4,77.4,49.7,0
7.45,64,2,3,2,5,3,5,81.0,34.78,0
7.98,67,8,0,0,13,0,3,80.2,39.42,0
7.58,86,3,10,0,5,1,5,59.8,47.25,0
6.22,54,8,7,4,14,2,3,73.8,55.03,1
8.5,43,3,9,4,9,6,5,97.4,70.08,1
7.01,68,10,3,0,1,6,5,70.1,48.49,0
5.94,98,7,2,0,15,1,6,74.2,48.05,0
7.07,48,2,6,4,5,4,9,71.5,49.8,0
9.0,66,4,1,3,15,3,1,77.0,48.91,0
8.35,65,6,7,1,7,1,10,71.0,53.59,0
7.15,58,9,5,1,11,2,6,83.8,49.89,0
7.15,95,5,6,0,6,0,1,80.4,48.24,0
7.18,67,9,4,4,6,3,6,87.3,58.59,1
9.58,56,5,8,2,12,7,2,65.4,59.29,1
7.88,82,10,4,2,7,5,8,73.9,73.11,1
7.93,96,8,10,1,6,1,3,75.3,60.15,1
8.53,80,1,4,3,5,7,10,83.5,66.72,1
7.74,81,7,2,1,10,7,6,68.5,67.45,1
7.24,89,4,10,0,5,2,6,89.0,56.41,1
7.3,59,5,0,3,9,7,4,92.2,47.01,0
7.43,84,6,1,2,14,1,5,66.1,48.46,0
7.46,79,5,7,4,8,4,2,72.1,55.37,1
8.23,78,1,0,4,14,6,10,71.6,73.31,1
7.55,88,9,6,0,12,6,10,100.0,76.48,1
8.23,92,2,4,1,15,3,8,72.8,50.99,0
7.42,62,9,2,0,10,0,10,98.1,54.94,1
7.58,86,10,10,4,14,2,7,62.8,76.33,1
5.5,71,2,6,2,4,1,10,66.1,52.53,0
8.42,91,9,8,4,4,3,6,69.8,71.86,1
7.85,86,6,1,3,10,1,7,67.9,56.86,1
8.5,72,9,7,4,5,3,1,74.8,65.52,1
4.6,96,6,8,4,13,6,5,69.5,60.99,1
9.59,85,6,10,3,13,7,7,68.2,90.7,1
7.36,44,2,2,1,3,4,1,91.9,25.14,0
8.61,82,8,1,4,15,1,2,92.7,75.05,1
6.46,87,3,6,0,8,4,9,89.4,56.36,1
8.11,73,7,4,4,7,5,3,84.3,72.36,1
6.45,79,5,4,0,5,5,6,79.1,35.5,0
6.88,50,3,9,3,10,7,7,72.0,62.79,1
9.41,100,1,4,4,3,6,9,66.6,74.13,1
7.31,89,8,3,3,15,2,5,82.4,68.15,1
7.72,42,3,4,3,5,4,4,63.9,48.42,0
8.37,97,2,3,1,3,3,2,66.1,37.21,0
8.0,72,1,5,4,10,2,3,91.8,50.59,0
7.65,50,4,3,0,5,1,5,100.0,36.99,0
7.86,55,8,1,0,1,1,2,82.7,17.56,0
9.9,57,3,8,4,6,3,4,91.3,66.76,1
7.44,69,1,1,1,10,0,1,75.0,22.84,0
7.7,87,4,8,1,4,7,4,61.9,48.56,0
8.55,94,9,9,1,4,0,7,85.3,76.35,1
8.61,49,1,5,0,8,7,3,84.8,35.33,0
8.69,57,2,8,3,2,1,10,78.9,59.47,1
8.14,77,9,8,1,4,7,8,75.1,74.62,1
6.36,58,2,2,0,15,6,6,89.5,47.95,0
9.13,75,3,0,0,2,6,6,66.2,42.59,0
6.35,98,7,0,3,1,3,1,68.7,41.03,0
7.8,52,3,2,4,10,0,5,65.9,48.43,0
6.75,95,9,4,4,13,4,3,79.0,68.46,1
7.44,85,6,2,1,13,1,10,64.9,51.73,0
7.83,42,3,8,1,3,5,1,69.8,25.97,0
7.82,49,9,8,3,12,4,8,69.5,74.84,1
7.92,77,1,2,1,8,3,7,74.9,40.61,0
9.11,40,10,2,3,6,5,7,60.2,69.9,1
7.95,94,3,4,0,12,4,10,79.0,66.92,1
7.26,95,1,1,1,7,0,10,93.0,44.72,0
8.46,66,2,5,0,2,7,10,79.6,47.29,0
8.69,85,8,6,2,6,6,4,96.5,74.4,1
6.27,47,7,8,3,14,0,6,94.0,51.05,0
8.1,90,2,5,2,8,5,9,87.3,61.49,1
8.2,85,2,2,1,8,7,3,78.9,41.18,0
7.2,81,9,4,0,4,7,9,78.3,60.35,1
8.88,56,6,3,1,6,7,4,87.2,61.46,1
7.35,48,5,4,2,14,2,5,73.3,47.97,0
7.63,100,10,7,1,5,6,7,55.4,67.62,1
7.33,45,6,7,4,9,1,6,83.9,49.08,0
7.52,82,9,5,2,8,5,10,64.4,75.97,1
6.4,64,7,0,1,2,3,8,66.5,31.13,0
6.06,78,10,7,0,12,1,8,78.0,58.35,1
9.09,88,10,7,1,13,4,8,76.9,82.62,1
6.65,99,9,1,0,7,6,3,61.1,49.55,0
6.51,67,4,3,4,7,3,10,80.0,56.12,1
5.35,72,2,1,1,11,3,6,89.6,31.19,0
6.86,93,8,3,4,14,0,7,64.5,68.83,1
6.18,76,4,9,2,14,4,9,93.3,79.81,1
9.14,48,9,6,0,12,0,10,59.3,70.02,1
8.51,57,4,8,2,1,0,10,100.0,59.31,1
6.81,95,8,7,0,1,7,4,73.1,51.84,0
9.75,98,9,8,4,12,6,5,79.7,93.89,1
8.48,60,9,7,3,4,2,8,55.3,61.17,1
7.18,41,10,1,1,5,0,1,77.3,24.7,0
5.0,100,4,6,4,15,1,6,80.7,52.67,0
9.79,97,1,1,0,4,3,4,77.0,48.04,0
6.11,82,3,10,0,7,6,5,71.2,40.28,0
5.85,98,9,1,0,3,0,5,66.6,40.71,0
8.52,99,4,3,0,7,5,2,91.6,54.04,1
9.94,77,5,0,1,13,1,8,78.4,63.09,1
8.88,97,7,4,2,8,4,2,96.5,65.08,1
8.06,79,5,5,3,6,3,4,71.7,52.41,0
8.09,75,4,8,1,6,6,5,72.8,58.99,1
8.35,89,2,9,0,8,5,1,87.8,57.32,1
8.26,99,2,7,1,8,6,6,58.5,56.09,1
7.78,82,4,1,4,7,6,2,63.4,41.04,0
7.6,76,10,0,0,6,5,5,91.2,54.67,1
7.44,54,10,1,3,6,4,6,63.9,55.8,1
6.75,67,9,6,0,10,5,8,56.2,49.87,0
7.22,57,8,3,3,11,1,9,100.0,59.41,1
5.81,73,3,9,3,13,7,6,61.3,54.23,1
7.4,61,9,4,2,13,6,5,80.2,59.46,1
6.51,50,5,6,2,6,4,4,78.8,39.45,0
6.4,97,3,2,1,8,6,2,44.3,32.21,0
7.68,96,5,9,1,1,5,2,74.8,47.64,0
8.89,52,10,1,3,5,4,7,83.4,60.38,1
8.42,43,4,6,0,3,4,5,82.3,39.94,0
5.93,61,8,4,4,12,0,7,88.8,57.8,1
6.51,46,5,0,4,8,0,1,73.4,25.63,0
8.44,100,10,0,0,11,7,1,86.6,65.93,1
6.52,82,8,8,0,6,0,5,69.7,48.32,0
7.28,93,9,4,2,14,5,2,61.1,51.68,0
8.05,63,4,0,4,2,3,8,62.4,52.27,0
6.53,43,7,6,3,15,1,3,60.5,50.18,0
7.61,67,2,8,1,13,5,1,90.1,45.99,0
6.17,54,6,10,2,7,6,2,59.8,36.83,0
6.9,40,8,0,4,7,0,10,81.3,51.73,0
7.82,94,7,9,0,13,4,10,74.8,77.12,1
5.91,42,7,3,4,5,5,7,76.8,41.59,0
7.94,53,8,2,3,8,4,6,94.4,51.39,0
7.48,77,7,4,2,14,7,8,72.7,70.9,1
8.05,89,5,6,0,5,6,7,85.3,58.64,1
7.72,96,7,7,3,1,4,10,78.5,71.56,1
8.86,40,10,1,1,9,4,8,76.2,59.33,1
7.63,77,3,6,2,4,7,3,100.0,46.34,0
7.07,77,5,0,3,13,2,6,60.7,46.79,0
7.62,60,7,6,3,2,3,7,93.5,62.76,1
8.04,87,9,7,0,4,1,10,85.9,64.37,1
7.55,68,2,1,1,14,1,1,72.2,20.37,0
7.54,44,4,8,3,13,0,1,97.6,44.89,0
6.8,88,7,0,2,9,2,7,55.8,41.78,0
6.84,49,1,5,3,2,5,3,71.7,34.24,0
6.1,67,2,0,4,4,7,3,63.5,35.27,0
9.25,60,9,2,2,2,5,5,82.9,49.69,0
6.26,89,10,10,2,5,1,6,64.6,65.45,1
6.81,46,7,5,3,3,3,2,83.2,33.47,0
6.78,42,10,2,0,10,4,3,75.8,47.31,0
8.39,84,7,7,2,2,6,6,72.2,66.26,1
7.21,86,6,4,4,14,0,3,82.7,51.25,0
8.75,59,3,1,0,9,3,5,74.8,33.03,0
6.83,58,10,3,0,5,1,9,64.9,47.26,0
7.78,74,3,8,0,10,2,3,100.0,45.42,0
6.66,43,2,3,2,5,0,6,72.2,26.66,0
9.65,44,6,9,0,1,7,5,51.4,64.65,1
6.31,40,4,9,3,6,1,5,67.9,36.79,0
7.81,43,5,7,0,13,5,6,62.8,51.5,0
8.13,51,3,4,4,7,0,6,87.9,59.65,1
7.91,99,6,10,1,1,7,1,81.9,60.16,1
7.31,66,3,10,4,9,1,9,82.8,58.28,1
7.37,95,8,9,2,8,5,5,73.6,73.54,1
7.54,81,9,0,0,12,6,1,74.6,39.12,0
7.35,62,4,6,0,14,5,8,73.5,64.09,1
8.46,64,9,2,3,14,4,7,77.0,67.27,1
9.71,60,7,9,0,8,7,7,88.0,93.33,1
6.94,100,3,7,4,7,7,5,82.0,75.87,1
6.13,97,7,2,2,5,2,1,84.0,33.07,0
7.41,91,1,0,1,3,7,9,84.0,47.31,0
10.0,63,3,4,0,15,4,9,88.6,73.32,1
6.7,64,6,1,1,12,1,8,81.5,50.04,0
9.14,84,4,10,0,14,6,5,82.3,75.79,1
9.18,94,7,3,2,9,3,3,92.3,72.93,1
6.95,85,3,0,4,14,6,8,70.0,61.26,1
8.07,71,1,8,2,7,6,1,67.7,44.61,0
9.13,94,9,5,1,11,7,3,63.8,70.0,1
7.12,71,6,7,0,10,6,7,80.2,63.36,1
7.3,44,8,10,1,10,7,4,55.8,59.59,1
6.92,75,3,3,4,8,4,7,83.5,57.79,1
6.49,85,8,8,2,14,3,5,76.7,69.69,1
6.85,81,2,1,1,6,5,6,91.6,27.95,0
6.28,88,4,8,1,12,7,7,69.9,62.53,1
7.53,81,3,4,4,14,1,10,75.6,69.7,1
6.73,97,10,5,0,11,2,7,91.5,72.53,1
7.73,78,1,2,1,14,3,7,94.6,41.77,0
5.94,55,7,3,4,5,1,7,69.8,54.2,1
7.83,72,10,5,0,15,7,7,80.2,72.58,1
8.33,88,2,6,0,8,3,3,81.5,49.01,0
5.51,60,4,0,2,3,7,3,82.5,36.85,0
7.87,100,9,6,4,12,4,7,74.8,87.96,1
8.73,48,6,0,0,13,1,2,93.4,40.79,0
6.29,45,8,4,2,13,4,2,55.3,41.99,0
9.17,90,2,5,3,7,0,3,72.9,50.85,0
7.92,84,7,1,4,2,1,4,83.4,51.77,0
6.79,74,6,9,3,3,3,6,83.5,54.39,1
7.44,78,9,8,0,15,0,8,94.2,68.08,1
8.06,61,7,9,4,13,4,10,92.4,73.41,1
7.58,80,1,5,2,12,4,10,74.6,64.34,1
8.04,93,8,6,0,15,3,7,93.6,71.31,1
6.58,44,10,9,4,2,0,4,69.4,48.74,0
7.67,81,3,7,4,5,6,2,89.2,60.02,1
6.09,62,2,10,3,7,5,2,99.7,38.59,0
7.39,56,3,9,0,11,2,4,92.6,56.79,1
6.6,51,6,0,2,10,3,6,79.3,39.96,0
6.76,62,3,7,2,11,4,3,74.0,44.38,0
8.74,55,10,3,0,11,1,6,59.7,47.88,0
8.59,42,5,9,0,11,0,5,81.7,50.22,0
8.11,69,6,7,1,15,7,5,64.6,74.84,1
6.41,96,8,5,3,10,5,2,68.5,64.01,1
7.18,61,7,10,0,15,2,8,63.7,66.8,1
8.71,48,8,8,0,15,1,5,72.5,62.86,1
7.64,68,3,10,1,15,0,2,77.7,47.01,0
9.82,86,4,3,1,13,5,7,81.3,62.5,1
7.89,76,6,1,4,14,3,9,70.8,68.82,1
7.69,62,7,1,2,1,7,9,90.8,55.84,1
7.19,52,9,4,3,13,5,1,75.5,60.53,1
7.63,71,1,9,4,10,3,7,68.5,65.31,1
7.35,85,8,8,0,9,7,9,80.7,81.88,1
8.21,91,8,2,1,1,7,6,100.0,68.74,1
8.46,86,6,7,2,1,6,1,82.0,53.3,0
6.71,87,4,3,4,14,0,2,73.6,37.13,0
6.17,62,3,5,2,15,7,4,59.7,55.05,1
5.66,84,3,9,1,12,5,4,75.4,56.36,1
8.01,56,6,5,4,10,7,2,80.8,53.86,0
6.4,94,8,2,4,8,2,8,73.3,71.64,1
5.35,79,7,4,2,6,5,2,58.0,38.82,0
7.89,60,1,2,1,6,0,3,67.8,26.15,0
9.99,41,6,10,0,12,1,4,95.5,72.64,1
7.49,76,7,10,4,9,1,9,95.2,87.89,1
8.34,45,7,0,0,15,5,10,67.4,61.15,1
7.58,83,9,6,1,4,5,1,86.1,55.53,1
7.4,57,10,3,4,8,3,8,63.9,68.99,1
8.42,69,5,6,4,4,0,5,94.9,57.22,1
7.21,61,1,2,0,14,3,7,80.9,38.82,0
7.77,93,2,10,3,2,2,8,89.4,59.65,1
7.82,72,4,4,0,11,6,5,57.4,45.91,0
6.83,69,5,4,0,15,1,8,86.1,47.71,0
8.49,56,9,1,3,8,7,10,77.9,70.11,1
7.33,82,1,10,1,12,7,8,88.2,68.07,1
6.74,71,3,9,1,7,4,9,89.0,55.13,1
8.04,81,5,1,4,4,4,2,78.8,52.77,0
6.6,90,3,3,2,9,0,3,70.8,26.66,0
7.53,53,4,3,2,15,7,1,87.4,47.74,0
7.49,97,3,3,4,9,0,4,77.3,53.33,0
8.59,49,4,5,2,8,4,5,67.5,49.6,0
7.97,86,1,1,0,14,0,1,67.0,28.28,0
7.47,99,8,5,0,1,1,8,60.3,41.56,0
8.32,90,4,6,3,7,2,2,71.9,57.08,1
8.89,75,7,10,3,5,2,1,91.2,69.09,1
8.06,73,2,9,4,7,7,2,80.1,65.44,1
7.51,48,2,2,4,12,3,5,71.6,52.91,0
6.19,81,6,10,4,9,1,9,87.7,72.28,1
6.43,67,2,7,0,2,6,9,68.0,44.56,0
7.19,50,6,1,2,13,0,2,79.1,36.66,0
6.89,53,2,10,4,14,0,2,75.8,53.41,0
7.31,78,4,7,4,11,7,3,87.3,56.89,1
7.56,94,7,10,0,4,6,7,59.1,58.74,1
8.03,86,8,4,0,4,3,3,67.8,55.73,1
7.43,93,3,1,0,2,3,1,58.3,9.03,0
7.99,58,9,6,2,3,0,6,74.9,52.75,0
7.56,93,2,1,4,11,0,3,92.5,55.88,1
5.52,54,8,5,1,14,6,1,71.9,39.68,0
6.56,67,8,9,1,14,7,4,71.9,60.01,1
7.36,63,4,2,4,13,1,1,88.5,45.84,0
6.29,47,1,8,4,8,6,1,90.8,40.55,0
8.1,82,1,2,4,12,3,2,76.9,50.44,0
9.03,100,2,10,4,9,6,10,86.2,88.2,1
8.72,48,9,2,2,6,6,8,65.1,69.4,1
7.29,86,2,4,1,10,6,2,94.5,54.45,1
8.99,72,2,6,3,2,1,2,100.0,48.07,0
7.65,72,6,7,1,2,5,10,84.3,54.42,1
7.16,58,7,10,1,7,0,10,53.0,53.9,0
6.89,42,7,6,0,8,4,8,71.3,46.0,0
7.2,49,9,8,4,8,7,6,85.4,76.0,1
7.11,79,6,4,4,14,6,4,72.9,59.66,1
7.67,86,8,9,4,6,7,3,93.3,72.07,1
7.66,81,6,10,0,10,4,1,85.1,57.12,1
7.5,40,2,2,2,8,5,3,69.5,38.53,0
7.94,68,1,5,2,14,0,9,78.4,52.12,0
8.69,89,5,4,3,15,3,5,67.3,61.24,1
8.45,73,9,3,2,1,4,6,75.8,78.2,1
6.02,90,8,1,2,9,7,5,71.3,57.43,1
4.95,52,4,6,4,13,7,1,92.1,43.05,0
8.43,93,5,4,1,12,7,10,100.0,83.98,1
6.13,40,5,3,2,1,3,1,60.8,17.51,0
7.28,73,6,7,2,13,4,4,54.9,62.36,1
6.33,68,3,8,0,3,7,3,75.1,36.98,0
5.7,87,5,8,3,12,3,8,59.8,61.69,1
8.04,86,2,2,0,9,6,7,78.6,49.65,0
8.26,52,10,2,4,15,7,7,87.0,71.42,1
6.92,87,1,4,1,11,4,8,95.9,64.15,1
4.91,88,1,4,3,5,3,10,80.4,38.29,0
6.95,92,10,9,0,9,5,7,75.7,61.16,1
7.89,100,7,1,2,9,1,10,54.3,61.45,1
6.02,68,2,0,2,6,3,2,78.3,16.58,0
7.68,78,4,7,3,11,1,4,78.9,57.16,1
7.48,63,5,2,2,1,1,6,85.7,43.53,0
8.08,65,7,0,0,10,0,3,69.5,41.14,0
7.62,56,2,0,0,7,6,3,72.8,32.74,0
6.53,46,6,10,2,14,5,6,60.3,57.04,1
8.7,52,1,1,2,6,1,1,50.5,25.23,0
7.34,44,7,5,4,9,2,1,64.7,48.12,0
7.47,65,9,5,1,7,6,5,59.2,44.57,0
6.57,88,5,2,3,14,1,1,82.0,48.0,0
7.06,42,5,3,0,12,3,10,71.8,37.17,0
6.62,46,4,1,3,11,1,8,71.5,54.41,1
7.33,97,3,1,4,12,3,2,66.2,47.51,0
9.21,88,9,6,0,13,7,6,40.0,72.88,1
6.13,78,5,0,4,4,3,10,96.1,49.19,0
5.89,92,8,6,4,7,2,10,66.0,64.06,1
8.97,40,9,0,2,2,1,5,73.1,57.41,1
7.29,88,5,5,3,6,1,10,60.5,66.84,1
6.83,56,10,2,3,15,4,4,89.7,50.64,0
8.54,82,9,7,2,6,6,1,79.7,74.15,1
6.89,64,2,5,3,2,4,3,68.1,43.28,0
9.33,98,9,10,2,14,0,4,73.3,79.93,1
8.18,100,4,1,0,4,3,2,98.1,41.94,0
7.01,42,6,7,4,8,2,2,77.1,47.42,0
9.66,54,6,4,4,8,4,2,75.8,74.27,1
6.89,68,6,7,3,13,1,1,66.7,44.03,0
8.24,92,2,7,1,8,0,10,55.3,58.74,1
7.8,82,7,5,4,8,2,2,76.1,56.46,1
8.8,71,6,1,2,1,5,6,81.9,45.01,0
9.06,65,1,7,1,2,1,3,91.2,54.58,1
7.53,99,2,10,1,12,1,10,51.0,57.59,1
6.75,55,7,5,4,15,7,5,64.5,66.38,1
7.96,64,1,5,4,4,5,1,71.0,32.78,0
6.82,93,1,7,4,12,3,8,78.0,63.26,1
9.51,67,1,0,2,9,3,4,76.3,48.31,0
7.64,48,8,1,1,3,4,9,76.5,43.07,0
7.13,95,4,8,3,14,4,4,82.9,70.65,1
7.68,95,4,10,2,6,1,2,67.2,50.92,0
6.15,40,2,7,0,7,6,3,89.2,36.52,0
6.53,68,1,6,4,8,1,5,83.2,53.57,0
8.7,96,10,6,1,13,4,10,74.2,82.87,1
6.84,61,9,4,2,7,5,6,97.2,58.64,1
6.45,55,7,1,0,3,4,7,96.7,37.53,0
8.04,80,4,10,2,6,1,4,89.2,61.74,1
8.69,90,6,5,2,5,2,7,41.8,59.81,1
8.22,83,2,9,3,15,1,10,96.9,80.05,1
8.5,90,7,2,3,13,2,3,87.5,62.82,1
6.74,93,2,3,2,12,2,7,100.0,53.87,0
6.08,80,10,9,0,10,1,4,92.8,61.34,1
9.0,46,8,10,1,4,6,8,96.9,77.47,1
7.18,53,8,1,1,1,6,9,88.5,53.34,0
7.25,68,1,1,4,14,0,7,94.2,55.09,1
8.83,58,8,7,4,13,4,8,100.0,85.68,1
8.06,58,2,7,1,7,6,8,80.6,58.1,1
7.96,41,6,9,2,8,3,2,59.1,41.26,0
9.67,80,1,5,2,2,1,9,74.3,65.67,1
6.86,84,5,4,3,7,2,6,82.7,36.91,0
8.43,54,7,7,3,6,1,4,78.9,56.69,1
7.56,42,10,3,4,5,4,5,63.0,62.38,1
7.77,50,1,10,1,13,5,10,58.4,52.73,0
9.03,92,2,3,2,4,6,5,69.1,58.31,1
8.01,85,7,4,1,2,6,7,87.7,56.36,1
8.04,69,6,0,0,10,6,9,97.0,55.61,1
8.57,96,3,0,1,6,2,7,89.0,56.27,1
7.14,79,10,1,0,5,3,9,90.7,55.57,1
6.66,57,2,7,3,2,7,4,77.0,31.6,0
6.46,90,10,6,3,10,3,10,57.1,67.68,1
5.53,87,4,9,4,7,6,10,72.5,74.65,1
9.56,41,3,8,1,6,3,4,74.9,53.0,0
6.4,71,7,4,1,12,5,6,72.0,62.63,1
7.28,47,8,1,0,15,6,8,78.7,64.25,1
7.22,61,2,6,3,15,0,9,83.3,56.71,1
7.81,45,10,7,0,11,2,1,88.2,62.93,1
8.32,51,7,6,3,9,5,1,74.7,56.26,1
8.36,86,8,6,0,11,7,8,55.2,65.5,1
6.92,96,6,4,3,10,2,7,72.2,57.84,1
7.33,79,6,1,0,5,7,9,78.5,38.72,0
7.78,75,10,5,3,9,6,3,92.7,79.49,1
7.25,54,1,3,0,9,5,10,71.2,52.02,0
9.11,67,4,9,1,13,6,5,84.2,64.4,1
7.99,91,1,1,4,1,7,3,81.5,46.98,0
8.23,96,4,8,0,5,7,5,78.5,61.05,1
8.16,88,2,6,4,9,5,10,89.2,71.82,1
8.67,84,5,5,1,7,6,1,70.1,41.6,0
7.68,57,10,4,1,6,0,4,71.1,43.78,0
6.2,41,9,2,3,6,2,6,77.9,41.15,0
7.9,52,10,9,4,11,5,2,70.3,68.5,1
6.85,84,3,9,2,7,0,7,84.1,55.17,1
6.97,93,8,3,3,1,1,8,69.4,64.02,1
8.09,54,3,2,4,4,6,1,80.7,41.38,0
8.74,59,6,10,0,13,4,4,76.8,63.73,1
7.52,68,4,7,0,15,5,4,80.6,57.71,1
7.81,98,8,2,1,1,3,5,72.5,53.14,0
9.2,81,6,6,2,6,0,4,73.9,54.75,1
7.74,68,8,6,0,14,0,9,79.2,62.58,1
10.0,42,1,6,4,13,5,7,80.4,75.57,1
8.07,58,6,6,4,4,7,2,77.9,51.91,0
5.74,42,1,1,0,1,0,1,98.5,7.58,0
8.25,93,1,9,4,9,1,9,66.1,80.21,1
7.88,53,8,2,4,12,0,1,77.2,44.78,0
8.79,79,7,9,1,4,4,6,59.1,65.82,1
8.17,98,3,8,2,12,4,2,82.5,66.25,1
7.36,94,6,2,1,6,7,4,64.6,46.66,0
6.28,43,9,1,2,13,6,6,74.7,53.17,0
7.29,98,7,8,4,7,6,5,73.5,75.76,1
6.65,99,3,9,2,8,7,6,81.4,55.49,1
6.92,91,6,8,4,12,3,3,71.4,68.26,1
8.09,50,4,3,4,13,1,5,70.9,46.86,0
9.17,97,3,8,1,11,4,2,95.2,70.54,1
7.89,70,9,2,1,9,7,7,81.4,59.71,1
6.3,82,10,6,3,9,5,3,71.3,59.78,1
7.94,71,2,6,0,8,2,1,75.0,42.28,0
8.7,66,1,10,3,10,2,8,97.7,73.65,1
6.89,69,2,7,3,11,2,8,75.2,50.0,0
7.37,82,7,9,2,15,6,3,69.7,62.96,1
7.51,41,10,3,4,12,5,7,69.8,63.93,1
6.72,88,1,2,4,12,0,9,71.4,55.42,1
8.15,48,6,2,4,15,5,8,70.9,70.77,1
7.38,67,7,4,0,14,0,3,62.6,35.76,0
7.92,70,9,10,2,3,2,2,64.5,48.67,0
6.61,99,8,0,2,12,3,10,68.0,64.63,1
7.06,73,6,9,4,2,3,7,85.1,63.62,1
8.22,100,3,2,3,5,7,7,73.4,76.66,1
7.13,95,8,5,0,1,0,9,75.5,51.12,0
9.23,54,7,2,3,3,2,5,93.2,67.07,1
7.1,87,3,4,1,1,5,4,93.5,34.27,0
7.72,64,9,8,2,13,3,8,74.6,64.18,1
8.43,75,2,1,2,3,0,4,70.4,28.0,0
6.08,47,3,10,3,13,7,4,67.6,60.75,1
5.74,48,2,1,0,4,5,2,86.3,23.66,0
5.97,97,1,5,2,7,2,1,75.5,27.02,0
8.76,97,4,5,3,12,1,4,73.4,61.75,1
6.95,76,5,10,0,15,2,7,68.2,51.7,0
10.0,87,6,10,3,12,6,9,68.8,86.0,1
6.94,84,5,7,0,5,2,9,81.8,56.75,1
7.68,78,1,10,4,5,7,10,62.2,74.41,1
9.04,71,3,1,0,13,5,1,89.9,44.51,0
9.51,97,1,8,1,1,7,5,71.6,52.93,0
9.56,91,5,1,4,8,5,7,76.2,84.62,1
8.71,56,5,0,3,13,4,7,62.0,55.67,1
8.52,74,6,9,4,4,4,10,77.9,84.29,1
8.09,76,8,1,4,10,5,6,74.1,59.64,1
8.28,58,10,6,3,5,5,10,77.4,76.27,1
6.95,83,1,7,3,2,1,4,95.7,45.1,0
6.68,68,4,4,1,15,1,3,80.1,41.83,0
7.5,98,10,5,3,12,2,9,68.5,80.18,1
7.33,46,1,0,2,13,7,10,69.5,52.42,0
7.05,67,9,5,2,1,6,4,85.1,45.95,0
8.2,48,7,7,1,9,7,8,93.6,69.73,1
8.46,67,7,2,0,15,3,1,81.4,47.73,0
7.59,45,5,10,0,2,7,7,86.3,54.5,1
8.98,68,7,0,2,6,6,6,85.3,60.86,1
6.36,97,2,10,3,1,1,1,95.0,35.16,0
7.31,56,4,3,1,1,2,4,54.6,18.78,0
6.78,55,7,0,0,9,6,5,86.0,26.15,0
5.63,62,3,7,0,4,7,8,89.8,46.92,0
7.42,70,2,4,4,9,0,4,61.9,49.05,0
7.38,42,10,0,2,11,4,3,67.4,49.87,0
9.01,60,2,7,3,5,6,2,67.8,55.26,1
8.13,65,1,8,1,7,3,4,69.3,31.55,0
6.48,75,5,9,0,1,2,10,72.2,42.15,0
9.35,81,6,1,4,6,6,4,80.9,68.52,1
8.72,76,6,8,2,8,5,10,88.4,81.21,1
8.08,92,9,7,2,14,7,5,91.0,81.38,1
7.27,61,4,6,1,1,0,7,67.9,39.42,0
6.54,81,1,2,0,9,4,9,67.9,39.15,0
7.13,51,6,1,1,3,0,2,93.8,25.83,0
8.59,81,5,6,1,1,2,5,85.8,47.85,0
9.38,100,10,4,4,1,7,10,79.0,98.18,1
9.04,52,6,5,2,13,1,9,83.7,65.88,1
7.01,50,3,3,3,14,4,3,77.6,36.28,0
6.38,93,2,1,2,11,7,1,84.3,35.54,0
7.64,55,6,8,2,6,0,2,74.0,41.38,0
5.73,47,1,2,4,11,1,6,81.2,40.48,0
7.82,79,7,6,3,6,3,5,59.9,59.82,1
7.35,98,7,7,0,1,2,1,69.7,39.18,0
7.03,96,10,1,3,14,2,1,69.9,48.51,0
5.91,79,7,5,0,14,4,4,73.5,50.66,0
8.01,84,10,10,3,3,0,4,66.9,62.06,1
6.97,98,1,7,1,7,3,6,71.6,47.29,0
6.33,41,4,6,3,10,5,6,59.8,55.49,1
4.63,69,7,10,4,3,4,10,84.6,65.17,1
7.47,69,9,2,0,3,7,6,77.0,40.08,0
9.27,51,5,0,2,3,5,1,57.5,26.54,0
9.16,49,2,5,4,12,4,10,68.0,71.11,1
7.04,83,7,7,0,7,0,9,82.0,48.09,0
6.9,50,10,5,0,4,3,7,71.5,49.65,0
7.97,54,1,4,2,4,0,7,69.6,37.6,0
6.5,55,7,10,1,3,2,7,77.1,50.15,0
7.8,56,6,7,4,10,5,2,82.1,57.23,1
8.27,65,7,1,2,11,1,2,60.8,54.36,1
8.73,41,10,0,2,9,6,6,84.6,78.17,1
7.4,89,3,0,1,2,7,7,68.4,41.73,0
7.3,51,3,3,4,4,2,3,77.8,39.98,0
6.62,90,7,5,2,8,2,4,77.6,52.14,0
6.67,65,2,8,1,6,5,3,71.7,36.82,0
7.27,62,1,0,4,14,7,7,65.7,49.02,0
7.87,57,9,0,3,7,4,7,74.6,51.22,0
8.41,71,9,4,0,13,2,4,97.5,52.43,0
6.7,88,7,9,1,7,6,7,61.7,65.43,1
8.99,77,7,4,0,2,3,5,98.3,50.69,0
7.23,96,3,4,3,4,2,1,74.9,25.6,0
7.48,86,10,9,2,10,3,10,78.4,84.93,1
6.75,42,2,5,2,10,0,4,65.0,30.02,0
5.08,77,7,7,4,6,7,7,68.7,68.48,1
8.38,42,9,2,1,3,4,2,72.0,41.89,0
8.24,69,1,8,1,9,3,2,65.5,34.27,0
7.22,100,4,0,4,13,2,1,75.5,35.53,0
7.57,40,6,3,0,4,4,2,73.1,24.27,0
8.02,69,7,8,2,10,6,10,100.0,77.76,1
5.94,84,10,7,2,13,4,8,64.0,74.15,1
6.97,71,7,9,1,2,3,8,79.2,56.32,1
8.29,67,10,8,1,6,7,8,81.0,82.63,1
6.25,60,2,0,4,1,3,1,65.2,12.72,0
7.79,97,4,8,3,6,1,1,86.2,60.12,1
6.14,85,5,2,0,13,1,10,73.2,51.31,0
7.97,52,1,10,3,12,4,4,48.1,41.76,0
7.46,66,1,9,3,10,5,6,85.9,68.94,1
5.88,75,10,8,1,1,7,8,64.6,58.41,1
8.66,46,3,0,1,14,5,2,65.4,40.87,0
6.77,61,10,0,1,8,1,3,86.3,32.56,0
6.69,49,3,8,3,5,2,6,73.8,52.54,0
7.7,78,8,10,0,6,0,10,89.0,59.3,1
8.65,92,9,5,1,2,4,4,92.5,67.5,1
6.48,54,1,3,2,2,0,2,70.3,20.94,0
7.56,54,2,6,0,12,1,7,87.5,38.11,0
7.93,43,10,4,2,9,3,4,68.9,65.28,1
8.19,71,2,9,0,3,6,8,100.0,59.76,1
7.68,62,4,6,1,6,4,8,69.7,55.82,1
7.13,94,2,7,4,10,1,7,90.3,55.23,1
6.67,45,7,7,1,5,7,10,88.1,71.94,1
7.59,63,9,0,3,14,2,9,81.8,58.54,1
6.43,59,7,7,3,12,6,4,70.0,64.7,1
4.58,97,6,5,0,4,4,7,76.2,32.24,0
7.94,76,10,3,3,10,4,10,52.2,70.84,1
8.4,59,1,7,1,2,7,10,80.7,62.12,1
5.14,51,10,2,2,8,5,1,82.2,40.54,0
6.49,72,9,3,1,10,3,4,79.6,39.65,0
8.12,67,5,5,0,7,4,2,42.3,44.12,0
9.56,47,5,10,3,11,3,9,62.8,84.4,1
7.52,40,6,6,2,2,1,5,69.0,33.86,0
6.77,76,9,3,4,6,2,3,81.5,62.99,1
7.32,61,8,3,2,14,6,4,81.5,50.33,0
8.87,45,8,6,2,8,6,6,76.0,62.95,1
6.85,100,8,5,1,7,2,10,85.6,68.23,1
6.7,60,1,10,4,15,4,1,65.7,46.03,0
7.02,71,1,7,0,1,4,7,85.3,40.17,0
6.55,74,8,0,0,5,1,8,83.7,40.7,0
7.62,54,5,9,2,2,5,7,82.5,56.21,1
9.12,44,9,10,2,6,5,7,75.8,79.76,1
7.82,99,2,6,3,7,5,9,100.0,70.91,1
7.25,95,9,6,4,14,3,4,83.9,77.13,1
7.21,85,8,10,2,14,5,7,66.4,84.32,1
5.94,89,9,6,3,7,2,9,81.0,70.47,1
8.38,87,4,6,4,3,6,5,87.0,72.68,1
7.42,45,1,9,0,7,6,2,70.9,27.73,0
7.32,64,1,9,3,15,3,5,91.1,63.32,1
10.0,95,5,7,4,5,1,4,82.6,68.94,1
7.8,85,2,8,3,8,2,8,49.9,52.89,0
6.75,98,8,8,2,15,6,5,81.6,74.43,1
7.07,95,10,1,1,12,2,9,73.1,58.13,1
8.65,79,5,6,0,8,6,9,84.4,72.4,1
7.61,68,5,6,2,7,0,3,89.3,50.92,0
6.06,46,2,3,2,6,1,10,80.3,24.46,0
8.42,79,7,8,4,2,1,6,98.0,65.57,1
6.83,52,8,7,3,6,7,6,75.9,52.99,0
9.37,77,10,0,0,13,0,4,85.5,54.13,1
8.58,57,1,1,2,12,3,10,87.7,58.89,1
7.05,41,2,1,4,15,6,3,76.8,43.14,0
8.78,47,10,10,0,11,7,1,87.3,61.69,1
7.57,50,4,7,3,9,6,7,70.9,68.64,1
8.35,72,5,0,2,15,6,5,72.9,44.92,0
7.98,93,2,3,2,2,5,10,62.3,63.69,1
6.65,100,1,9,2,1,5,7,80.9,50.57,0
6.86,77,9,4,0,11,5,1,81.9,46.05,0
8.53,87,1,8,0,13,5,8,92.2,63.71,1
7.17,66,4,6,0,5,5,3,87.5,48.65,0
7.1,59,2,7,0,11,0,7,74.6,32.8,0
6.54,51,4,10,4,6,1,3,63.9,45.28,0
7.92,82,8,8,1,3,3,3,83.2,58.81,1
9.56,100,8,6,4,8,2,10,91.3,84.1,1
6.43,70,9,4,2,7,5,9,87.1,57.04,1
7.52,66,5,4,4,2,0,2,91.0,41.76,0
8.91,71,7,9,3,12,7,4,75.5,74.65,1
7.42,100,3,10,0,7,7,6,72.4,56.41,1
7.95,49,10,5,3,15,6,3,69.2,65.33,1
6.44,42,4,4,3,15,3,10,77.3,60.03,1
7.93,84,10,10,2,1,7,10,77.1,81.16,1
7.31,66,9,8,0,9,3,7,80.5,66.55,1
8.49,74,10,2,3,13,3,7,76.4,68.0,1
8.69,70,10,2,2,7,0,5,76.4,49.73,0
10.0,54,1,6,0,6,2,3,68.7,52.72,0
8.08,55,2,6,1,13,5,2,89.3,43.3,0
7.83,100,5,5,2,2,3,4,78.9,45.11,0
7.69,52,3,2,4,3,0,4,75.9,26.23,0
7.15,88,2,6,0,1,6,8,69.0,52.31,0
7.84,74,1,4,3,15,1,8,62.0,54.63,1
7.2,91,10,6,3,10,6,5,93.7,75.23,1
7.67,50,3,1,4,13,0,6,84.7,47.63,0
8.82,98,1,5,4,5,0,8,58.5,67.63,1
6.49,60,1,7,3,9,0,1,87.2,32.56,0
8.64,90,1,0,0,13,3,5,89.1,60.37,1
8.82,93,8,3,2,6,0,4,79.5,59.31,1
7.38,50,3,10,4,5,1,4,97.2,59.55,1
5.38,69,1,0,4,12,3,2,80.6,34.72,0
6.89,99,7,0,4,3,6,10,61.0,64.64,1
8.8,87,10,9,1,5,1,1,82.4,58.11,1
7.48,92,3,10,0,8,7,6,80.9,63.87,1
6.5,74,8,7,0,12,4,7,70.8,59.91,1
7.0,61,4,6,0,2,6,5,84.9,36.28,0
8.34,77,4,9,0,5,0,8,58.0,53.11,0
8.05,70,5,0,0,6,5,9,89.9,57.85,1
7.26,53,6,10,3,10,5,2,67.5,69.7,1
7.13,63,7,1,4,8,3,4,66.2,54.09,1
7.11,89,4,3,3,8,5,9,76.6,74.09,1
6.58,88,8,0,1,15,6,5,83.2,52.02,0
9.12,71,6,2,2,5,3,3,80.0,55.75,1
7.18,75,1,7,4,9,6,6,69.1,68.1,1
8.72,71,1,7,1,4,0,3,71.9,33.42,0
9.02,94,9,7,3,12,2,5,64.4,76.68,1
8.5,54,10,5,2,9,2,3,75.3,68.36,1
7.07,82,6,5,1,11,1,6,90.9,48.13,0
7.9,97,10,4,2,7,0,10,77.9,64.06,1
7.48,74,8,8,1,6,5,5,88.3,70.75,1
6.6,42,7,3,3,4,0,9,95.5,54.33,1
7.82,55,6,9,2,2,4,3,70.9,52.2,0
6.32,44,4,6,1,8,2,6,75.8,36.11,0
8.69,60,7,0,3,6,5,8,100.0,62.41,1
7.04,100,9,8,4,12,6,7,95.3,90.36,1
7.7,49,10,6,3,15,6,6,57.9,81.63,1
7.78,58,10,9,3,3,2,2,82.6,59.73,1
7.24,64,7,8,4,7,0,7,78.0,76.31,1
8.09,43,1,6,3,10,5,8,87.9,53.5,0
7.03,100,10,1,4,7,1,1,69.1,52.48,0
8.37,68,9,5,4,6,6,9,67.9,77.02,1
6.15,58,4,9,4,2,0,4,69.9,34.31,0
7.63,82,3,10,1,8,1,8,71.1,57.44,1
9.44,41,4,3,2,1,7,10,87.8,64.14,1
6.5,49,4,2,1,13,5,7,63.8,44.32,0
6.82,100,10,1,4,1,2,10,70.5,78.54,1
8.01,82,2,5,2,6,7,7,56.5,59.64,1
7.68,64,1,7,2,5,4,2,90.1,48.78,0
7.85,59,10,5,4,9,7,1,93.3,68.11,1
7.99,87,1,8,2,13,3,4,74.1,67.9,1
8.13,58,8,4,2,12,2,2,74.4,66.59,1
8.61,62,2,1,1,7,1,8,83.4,47.15,0
7.91,63,10,7,2,2,0,10,95.7,61.38,1
7.26,50,5,8,4,13,7,7,82.9,69.2,1
8.17,85,4,9,0,12,6,8,69.6,70.69,1
9.4,73,8,3,0,7,5,6,58.6,62.21,1
7.37,94,2,5,0,15,7,1,64.6,50.41,0
6.53,67,10,10,4,3,2,9,78.9,74.67,1
8.61,44,9,9,0,1,6,6,70.1,57.7,1
7.38,98,7,7,1,11,6,10,80.3,73.82,1
5.33,44,7,8,4,8,4,1,71.4,44.62,0
8.35,90,1,4,4,14,5,1,65.3,68.76,1
6.96,60,2,5,4,12,7,8,63.9,67.69,1
7.41,51,4,10,2,3,1,6,96.7,53.72,0
7.83,89,4,3,2,11,5,8,88.7,71.8,1
7.69,43,3,4,2,8,7,8,98.8,53.8,0
8.21,93,7,6,3,7,5,8,84.5,74.99,1
7.06,88,8,8,1,12,0,10,72.8,64.19,1
8.01,81,2,9,4,15,3,7,93.9,76.48,1
7.24,59,4,10,4,2,7,7,77.6,62.71,1
8.24,77,3,5,2,13,6,10,80.7,79.99,1
8.12,64,2,5,4,14,1,4,77.5,53.19,0
6.56,53,6,7,4,14,7,9,42.6,64.38,1
8.59,50,4,10,0,1,7,2,97.3,60.14,1
6.96,71,6,3,4,7,0,9,83.9,55.6,1
8.31,50,2,2,3,13,6,10,82.0,65.24,1
7.87,100,4,6,2,1,3,3,77.3,52.62,0
9.34,57,6,4,1,6,0,2,80.0,37.31,0
7.28,66,5,1,1,13,3,4,70.8,48.92,0
7.15,94,3,1,0,11,3,5,85.4,45.77,0
7.48,93,8,10,1,10,3,2,62.3,69.74,1
7.2,57,7,5,1,11,0,1,80.2,34.26,0
8.3,95,3,7,2,10,5,10,84.7,77.21,1
5.88,62,6,0,2,8,7,5,75.6,40.6,0
6.45,50,4,10,3,7,3,9,82.5,60.58,1
6.43,60,5,5,0,4,5,5,66.1,25.83,0
8.45,83,5,1,1,1,7,10,66.4,58.44,1
9.21,44,7,1,3,1,6,9,80.8,53.85,0
7.4,62,5,6,0,4,7,10,86.1,59.3,1
7.33,80,3,9,1,5,6,6,55.5,40.21,0
7.57,98,10,0,1,12,1,3,84.3,42.39,0
8.66,64,5,5,2,7,4,4,71.5,59.45,1
6.57,80,7,6,4,14,5,4,75.7,63.63,1
7.74,93,5,7,0,4,7,1,61.9,40.45,0
8.48,49,5,6,1,10,6,3,67.8,59.02,1
8.0,61,9,5,0,14,4,3,89.6,59.05,1
7.69,58,3,8,3,12,3,1,78.4,55.85,1
8.5,40,6,2,3,1,4,9,73.4,52.74,0
4.8,46,1,10,4,11,4,1,76.6,51.65,0
8.18,43,10,5,1,10,3,9,83.9,61.98,1
6.85,40,5,3,2,7,5,1,83.3,43.68,0
5.67,54,8,1,1,2,7,2,77.1,27.67,0
8.01,79,5,0,0,13,3,2,91.1,31.99,0
8.87,51,9,0,3,11,1,6,89.6,64.13,1
7.36,61,6,10,0,2,2,7,83.0,51.65,0
8.45,61,8,9,4,8,7,1,78.7,65.12,1
9.11,89,10,2,3,12,0,3,85.9,63.34,1
8.81,86,8,3,2,10,3,2,81.8,60.85,1
9.14,56,3,1,3,10,3,8,90.7,62.77,1
8.24,68,7,10,1,10,4,9,88.8,61.16,1
7.58,85,7,10,1,5,1,2,65.8,56.93,1
5.9,53,10,10,3,10,6,2,65.0,55.1,1
7.25,89,6,0,4,2,6,10,69.6,55.08,1
6.66,59,7,3,1,5,4,9,89.7,55.59,1
9.67,89,2,6,1,8,5,4,59.1,58.81,1
7.32,87,9,9,2,6,7,5,82.7,79.74,1
7.62,72,10,10,3,3,3,9,82.4,79.94,1
8.05,94,10,5,1,8,7,6,92.0,74.88,1
7.54,98,1,5,4,15,7,10,80.2,79.07,1
9.2,82,1,10,0,14,3,9,61.9,71.7,1
6.88,54,3,8,3,9,4,9,66.5,55.89,1
7.69,51,3,1,2,5,7,7,63.8,38.72,0
6.76,79,1,3,1,13,3,10,71.5,53.19,0
6.18,93,7,4,4,2,5,9,75.8,62.8,1
6.89,59,4,0,3,2,7,5,64.0,38.47,0
7.46,69,10,7,4,7,2,5,95.6,76.98,1
7.07,77,2,7,4,1,0,8,62.1,48.6,0
6.81,42,10,5,2,10,0,10,94.2,60.62,1
6.09,67,5,4,3,12,0,4,92.2,41.04,0
7.42,95,6,7,1,2,2,9,88.8,63.52,1
6.0,65,9,2,2,10,3,7,69.7,51.74,0
8.26,69,4,2,1,4,4,7,82.1,53.48,0
7.58,52,2,1,0,1,6,3,62.7,18.21,0
6.04,52,5,4,4,4,1,4,88.9,35.64,0
7.19,41,3,2,0,13,3,7,77.1,41.62,0
6.75,76,2,2,4,12,2,5,73.1,48.96,0
7.82,88,1,5,2,11,7,3,63.3,47.31,0
8.84,77,10,7,1,13,5,1,48.3,72.63,1
5.62,41,2,1,1,10,2,7,65.5,12.65,0
7.62,75,6,3,2,15,7,6,91.4,72.43,1
7.34,93,8,10,3,5,6,10,73.2,75.95,1
8.17,65,3,6,0,9,0,7,76.0,57.24,1
7.71,50,9,0,0,1,3,2,85.9,20.45,0
6.75,47,9,0,1,12,6,4,99.7,53.94,0
7.18,83,2,9,1,5,0,2,93.9,39.23,0
6.7,79,8,6,1,2,1,8,66.3,47.03,0
8.58,82,10,6,2,9,7,7,54.7,79.4,1
7.52,61,5,0,3,6,7,1,100.0,47.99,0
9.4,59,4,0,0,2,5,2,100.0,32.03,0
7.44,47,10,3,4,14,0,2,80.3,49.84,0
6.79,68,5,4,2,3,1,4,62.8,38.67,0
5.99,79,4,4,0,14,7,3,89.6,33.46,0
5.7,65,8,3,3,8,2,1,76.7,33.6,0
5.92,69,4,7,2,1,0,2,76.6,46.1,0
7.77,56,10,6,0,12,0,9,88.7,56.75,1
8.01,59,6,8,2,3,4,1,82.0,55.17,1
5.92,91,2,6,0,13,5,9,63.8,46.93,0
8.4,94,5,9,0,10,5,7,74.1,72.48,1
7.02,55,6,0,3,1,6,2,85.9,40.19,0
7.65,85,5,6,4,11,2,2,84.1,67.37,1
9.11,82,2,0,3,11,4,5,81.1,56.7,1
8.4,46,7,6,0,8,6,5,89.2,67.28,1
7.23,55,4,9,2,1,1,4,73.7,36.57,0
6.61,84,8,7,3,13,6,10,80.1,82.27,1
5.35,98,7,10,4,5,1,10,40.0,65.71,1
6.78,86,7,8,0,4,2,3,72.6,36.45,0
7.29,95,9,2,3,7,7,4,87.2,64.16,1
6.51,87,1,3,3,14,5,10,73.3,61.73,1
7.37,66,10,3,3,5,7,4,72.4,57.07,1
7.58,92,6,8,3,8,1,2,65.5,71.41,1
7.28,62,6,6,2,12,2,5,90.0,50.97,0
6.85,63,6,2,4,14,7,5,84.6,69.58,1
7.67,48,6,9,4,11,6,5,87.9,76.31,1
7.94,74,10,4,0,1,1,10,57.3,53.66,0
6.41,90,7,6,1,5,3,1,76.1,35.9,0
8.91,59,10,7,2,4,0,6,74.6,58.44,1
7.4,76,6,0,0,3,6,2,74.6,29.73,0
7.52,81,1,1,0,5,5,7,70.6,26.32,0
8.21,56,3,6,3,10,7,4,73.8,52.95,0
7.73,86,2,10,1,15,6,5,88.2,58.54,1
8.45,70,6,1,1,3,3,5,55.0,49.64,0
7.79,94,8,6,2,8,2,5,99.3,70.68,1
6.89,96,3,8,1,13,2,2,83.8,54.5,1
7.86,47,10,10,0,3,6,5,77.5,61.88,1
6.36,54,8,1,1,1,3,3,88.9,29.87,0
7.61,70,8,6,1,9,7,4,60.6,66.9,1
7.47,92,5,3,4,15,6,2,70.0,60.02,1
7.29,69,8,10,0,9,0,4,76.5,52.02,0
7.37,85,6,1,1,6,0,9,94.4,54.96,1
5.62,59,5,6,1,10,4,8,77.4,38.43,0
6.95,99,9,4,3,1,1,3,83.4,70.49,1
7.59,78,7,0,1,8,4,1,70.9,38.96,0
7.66,92,8,4,1,2,7,1,83.8,51.68,0
6.47,94,1,2,4,9,0,6,98.1,55.35,1
8.77,51,2,6,0,14,3,3,89.9,52.33,0
6.63,88,8,5,2,8,1,4,77.0,51.73,0
8.47,56,9,7,0,3,7,1,86.1,52.44,0
7.93,81,4,4,3,13,3,8,84.9,58.97,1
6.85,69,10,1,0,5,7,1,84.1,36.11,0
9.28,68,10,8,1,9,4,5,91.3,78.44,1
6.31,58,9,10,3,13,2,6,91.3,70.72,1
8.42,85,4,7,0,1,3,2,76.5,49.52,0
8.5,50,10,5,3,9,4,7,85.7,71.86,1
6.83,73,10,9,2,15,4,7,73.4,66.81,1
8.89,89,10,6,0,4,4,1,66.9,61.94,1
7.25,46,9,8,1,4,2,4,74.8,54.94,1
7.79,83,7,6,3,15,2,4,77.1,73.05,1
7.76,97,2,2,4,4,6,5,58.1,53.03,0
7.37,73,9,5,3,10,2,1,88.3,62.46,1
8.31,98,4,10,4,12,1,1,44.8,84.62,1
8.29,59,8,10,1,9,2,7,100.0,70.58,1
5.75,89,7,6,2,14,2,9,96.0,57.96,1
8.8,77,7,1,4,6,2,1,74.9,49.61,0
5.84,63,8,2,2,11,7,2,78.1,47.91,0
8.53,49,1,3,3,8,3,6,81.6,38.86,0
8.63,71,5,9,1,12,2,6,70.9,65.38,1
6.41,91,2,5,4,14,1,2,80.3,51.28,0
7.09,54,2,0,3,4,7,9,76.3,55.21,1
6.39,76,1,8,0,3,4,4,76.9,40.44,0
7.29,59,5,4,3,14,3,7,80.2,64.98,1
7.19,42,2,6,2,1,0,6,62.2,16.84,0
8.28,76,4,8,1,10,7,3,78.5,65.88,1
8.81,96,3,8,1,15,2,8,80.0,77.69,1
8.9,79,3,0,3,15,7,7,79.5,70.92,1
6.94,47,2,0,0,7,6,9,75.4,24.03,0
7.29,79,6,2,2,4,6,3,91.7,43.43,0
5.82,83,2,5,3,14,7,1,73.8,39.07,0
6.69,95,8,1,3,8,4,2,80.7,39.06,0
8.46,62,8,9,1,14,4,1,93.6,64.38,1
9.12,79,5,10,2,3,3,5,77.0,61.21,1
6.27,50,10,0,0,1,6,10,80.6,58.75,1
6.91,85,7,0,1,5,0,2,76.8,30.11,0
7.47,47,4,4,3,14,5,3,92.8,60.6,1
7.78,68,1,3,1,2,6,8,74.9,34.1,0
6.69,69,2,0,1,3,7,10,93.4,40.26,0
7.92,95,10,3,4,14,6,5,76.8,82.24,1
7.03,99,10,2,1,6,1,4,67.7,42.98,0
7.49,49,4,1,1,3,5,5,86.2,32.45,0
8.05,78,1,8,2,3,4,10,74.3,59.27,1
7.51,67,8,10,1,12,5,6,85.4,68.95,1
7.06,88,9,0,0,6,6,7,45.2,58.89,1
7.39,75,4,6,3,5,4,9,78.1,64.54,1
7.41,100,10,3,2,10,5,1,72.5,62.45,1
7.13,52,3,4,1,9,4,4,65.2,39.16,0
7.24,71,2,9,0,1,4,9,71.4,50.6,0
9.1,75,5,4,3,13,3,5,71.1,66.63,1
8.06,76,3,0,2,3,0,8,77.4,40.03,0
7.2,65,10,5,0,3,4,1,61.6,38.98,0
8.2,61,7,8,1,11,1,4,81.8,63.91,1
7.17,43,6,1,4,6,6,9,94.4,65.73,1
8.67,70,1,6,4,8,6,1,81.4,54.85,1
7.87,57,8,5,2,3,1,1,87.7,47.07,0
7.39,77,2,4,0,3,2,4,91.1,31.58,0
7.95,63,5,3,3,6,4,3,92.8,50.82,0
5.93,95,9,3,0,8,7,7,100.0,55.28,1
6.37,62,8,5,4,6,4,3,72.0,50.01,0
6.31,61,2,3,2,13,4,1,69.4,39.72,0
7.64,41,9,4,1,12,7,10,87.4,69.18,1
9.23,70,5,5,0,14,5,2,86.5,58.43,1
9.73,94,10,4,4,10,4,10,87.3,89.14,1
8.14,50,6,6,3,3,4,4,100.0,53.74,0
8.0,67,3,8,2,4,1,1,78.1,39.39,0
5.7,85,3,9,1,1,0,1,83.1,21.94,0
6.96,71,10,6,0,13,0,8,66.2,57.55,1
6.71,44,8,6,3,8,2,7,100.0,55.12,1
6.88,77,10,3,1,4,1,8,74.0,51.84,0
7.33,49,10,0,4,6,4,4,74.3,52.15,0
7.03,79,2,7,4,11,0,6,73.8,50.23,0
5.52,85,2,3,3,3,3,3,70.3,27.45,0
8.25,63,5,0,4,11,3,8,69.2,61.38,1
6.43,74,6,4,2,12,3,4,71.7,54.96,1
7.74,83,2,7,3,11,4,3,61.6,56.81,1
9.57,87,5,3,4,6,4,4,68.6,63.06,1
6.58,99,7,7,0,12,7,6,100.0,69.3,1
4.97,62,10,7,4,11,2,7,86.8,71.98,1
7.21,56,10,2,2,9,6,7,89.1,67.34,1
8.6,40,8,8,1,9,2,4,92.1,60.57,1
9.46,94,7,2,1,10,2,8,100.0,76.65,1
6.27,70,8,0,4,3,5,7,56.7,57.68,1
8.0,70,9,1,1,3,3,2,63.2,46.03,0
7.03,81,5,5,4,4,4,8,68.4,64.56,1
7.39,96,5,9,2,12,3,9,72.4,80.47,1
10.0,94,10,1,1,7,2,5,74.4,60.6,1
6.0,81,4,5,0,3,4,4,72.6,22.57,0
7.75,92,9,0,4,10,1,4,80.6,62.47,1
7.97,95,5,10,1,8,7,4,78.4,68.37,1
8.59,73,2,0,2,11,0,6,69.3,41.27,0
7.6,48,10,4,2,8,0,4,51.9,50.37,0
7.81,61,8,9,0,6,2,7,66.1,44.42,0
7.11,52,7,10,2,4,6,7,71.4,57.8,1
7.77,64,8,8,2,11,3,5,75.0,61.51,1
7.16,87,3,7,1,12,1,5,64.4,39.06,0
8.12,57,4,2,4,11,4,10,72.1,74.98,1
7.13,90,5,2,3,5,6,8,64.4,50.44,0
7.88,51,6,0,2,12,3,7,76.5,47.44,0
7.47,79,1,2,2,2,2,7,65.1,42.75,0
8.63,56,4,10,3,13,3,6,67.8,73.59,1
7.45,54,10,0,2,6,2,7,62.3,41.2,0
5.73,81,5,7,1,3,5,7,76.2,50.44,0
8.76,54,7,0,1,15,0,10,67.6,59.8,1
6.59,54,5,4,3,6,6,2,88.9,57.11,1
6.85,94,1,8,2,12,0,10,82.9,63.54,1
6.9,78,7,6,2,5,3,2,77.2,45.9,0
8.87,52,8,3,4,14,1,10,68.4,70.64,1
5.36,56,7,10,2,2,4,7,82.6,44.75,0
10.0,71,4,8,1,15,2,10,86.3,76.1,1
8.56,48,8,8,0,12,4,7,79.7,73.38,1
7.72,79,5,1,0,13,0,7,97.2,48.57,0
7.45,59,10,9,0,14,7,5,83.5,72.52,1
7.79,65,9,9,0,5,1,1,89.0,56.0,1
8.02,66,10,10,2,5,1,2,79.6,45.32,0
8.15,60,5,5,2,14,4,9,86.1,76.61,1
8.06,57,1,3,4,9,0,8,68.4,50.47,0
7.59,52,9,7,2,11,7,8,72.5,74.81,1
7.3,55,5,10,0,8,4,10,82.2,55.36,1
7.35,48,6,6,3,12,3,1,82.1,44.71,0
7.31,51,4,6,3,12,1,6,84.1,56.44,1
8.63,83,6,10,1,7,1,9,91.2,87.37,1
8.09,77,8,9,1,15,3,8,60.9,80.84,1
4.56,58,3,8,2,15,0,3,66.3,38.58,0
8.16,99,5,4,3,12,1,4,80.8,61.68,1
7.69,46,2,5,0,13,6,3,69.3,35.29,0
7.48,96,2,0,0,15,7,6,100.0,49.12,0
7.11,74,7,5,0,14,5,9,84.2,61.16,1
8.62,87,10,1,2,3,5,8,77.1,56.08,1
8.45,57,10,5,2,10,5,10,71.8,72.45,1
6.73,55,10,8,4,4,2,4,72.2,53.95,0
7.91,94,6,7,0,6,6,2,78.4,52.77,0
6.53,78,4,8,0,3,2,8,79.3,45.39,0
6.12,43,5,9,2,11,0,8,72.5,50.71,0
6.87,98,1,7,2,9,3,6,74.7,52.92,0
8.36,64,7,2,4,8,4,8,94.1,66.91,1
8.45,71,8,7,4,6,6,9,94.6,73.4,1
8.01,79,9,5,1,4,7,1,81.0,51.25,0
8.23,52,8,5,3,7,0,9,61.9,55.7,1
8.02,84,5,5,0,13,4,2,84.5,54.33,1
6.86,56,3,2,0,15,0,1,96.7,32.04,0
7.93,88,10,9,4,11,2,8,94.4,95.33,1
8.3,76,9,0,4,3,5,8,86.8,73.61,1
8.25,45,6,3,1,10,3,4,95.1,46.83,0
8.69,58,5,9,3,15,2,8,78.6,73.3,1
8.21,52,3,5,1,8,3,7,85.5,45.2,0
7.85,96,6,10,3,1,6,2,69.8,54.49,1
8.57,99,3,9,0,3,4,5,81.5,63.18,1
7.47,65,10,1,1,11,0,10,94.0,59.15,1
6.62,53,6,6,4,5,1,4,70.9,37.82,0
7.34,70,4,6,1,5,1,3,67.7,31.6,0
6.76,93,2,10,1,10,3,1,79.2,40.74,0
